title,link
100% người cao tuổi có thẻ bảo hiểm y tế khi nào?,https://dantri.com.vn/lao-dong-viec-lam/100-nguoi-cao-tuoi-co-the-bao-hiem-y-te-khi-nao-20250225202353708.htm
mức trợ cấp cho người cao tuổi năm 2025,https://dantri.com.vn/lao-dong-viec-lam/muc-tro-cap-cho-nguoi-cao-tuoi-nam-2025-20250210145803030.htm
thông tin mới vụ 50 người cao tuổi miền núi xuống thành phố dự hội thảo,https://dantri.com.vn/lao-dong-viec-lam/thong-tin-moi-vu-50-nguoi-cao-tuoi-mien-nui-xuong-thanh-pho-du-hoi-thao-20250312124144669.htm
50 người cao tuổi ở miền núi xuống thành phố dự hội thảo được vận động về,https://dantri.com.vn/lao-dong-viec-lam/50-nguoi-cao-tuoi-o-mien-nui-xuong-thanh-pho-du-hoi-thao-duoc-van-dong-ve-20250311113250282.htm
vì sao hàng trăm nghìn người cao tuổi sắp có lương hưu?,https://dantri.com.vn/lao-dong-viec-lam/vi-sao-hang-tram-nghin-nguoi-cao-tuoi-sap-co-luong-huu-20250123101636795.htm
vụ 50 người cao tuổi xuống phố dự hội thảo: chính quyền địa phương nói gì?,https://dantri.com.vn/lao-dong-viec-lam/vu-50-nguoi-cao-tuoi-xuong-pho-du-hoi-thao-chinh-quyen-dia-phuong-noi-gi-20250315141403672.htm
hàng triệu người cao tuổi ngóng tiền hưu trí xã hội mới,https://dantri.com.vn/lao-dong-viec-lam/hang-trieu-nguoi-cao-tuoi-ngong-tien-huu-tri-xa-hoi-moi-20241206201718030.htm
"tương lai không xa là ""kỷ nguyên của người cao tuổi""",https://dantri.com.vn/lao-dong-viec-lam/tuong-lai-khong-xa-la-ky-nguyen-cua-nguoi-cao-tuoi-20240930234537810.htm
phòng khám đa khoa quốc tế việt - nga chung tay bảo vệ sức khỏe người cao tuổi,https://dantri.com.vn/suc-khoe/phong-kham-da-khoa-quoc-te-viet-nga-chung-tay-bao-ve-suc-khoe-nguoi-cao-tuoi-20250213120647803.htm
một phường tổ chức lễ mừng thọ cho 111 người cao tuổi,https://dantri.com.vn/lao-dong-viec-lam/mot-phuong-to-chuc-le-mung-tho-cho-111-nguoi-cao-tuoi-20250202173744734.htm
gần 1.600 người cao tuổi nghệ an đảm nhiệm chức vụ bí thư chi bộ,https://dantri.com.vn/lao-dong-viec-lam/gan-1600-nguoi-cao-tuoi-nghe-an-dam-nhiem-chuc-vu-bi-thu-chi-bo-20241106140205080.htm
người cao tuổi hà nội được dùng thẻ xe buýt miễn phí không thời hạn,https://dantri.com.vn/xa-hoi/nguoi-cao-tuoi-ha-noi-duoc-dung-the-xe-buyt-mien-phi-khong-thoi-han-20241030152728891.htm
"""người cao tuổi là kho tàng tri thức và những bài học quý giá""",https://dantri.com.vn/lao-dong-viec-lam/nguoi-cao-tuoi-la-kho-tang-tri-thuc-va-nhung-bai-hoc-quy-gia-20240928134159511.htm
người cao tuổi khấp khởi khi được giảm 5 tuổi hưởng trợ cấp hưu trí,https://dantri.com.vn/lao-dong-viec-lam/nguoi-cao-tuoi-khap-khoi-khi-duoc-giam-5-tuoi-huong-tro-cap-huu-tri-20250206110505043.htm
"xuyên đêm vận động người cao tuổi không tham gia ""du lịch miễn phí""",https://dantri.com.vn/lao-dong-viec-lam/xuyen-dem-van-dong-nguoi-cao-tuoi-khong-tham-gia-du-lich-mien-phi-20241210143146557.htm
"mùa mưa, cẩn trọng cúm mùa đe dọa sức khỏe người cao tuổi",https://dantri.com.vn/suc-khoe/mua-mua-can-trong-cum-mua-de-doa-suc-khoe-nguoi-cao-tuoi-20240801220742853.htm
tăng mức trợ giúp xã hội với người cao tuổi không có lương hưu,https://dantri.com.vn/lao-dong-viec-lam/tang-muc-tro-giup-xa-hoi-voi-nguoi-cao-tuoi-khong-co-luong-huu-20240708094752375.htm
người cao tuổi oằn mình dọn dẹp khi nước rút sau lũ lụt,https://dantri.com.vn/video/nguoi-cao-tuoi-oan-minh-don-dep-khi-nuoc-rut-sau-lu-lut-175242.htm
"nắng nóng gia tăng, hàng triệu người cao tuổi đối mặt nguy hiểm",https://dantri.com.vn/khoa-hoc/nang-nong-gia-tang-hang-trieu-nguoi-cao-tuoi-doi-mat-nguy-hiem-20240515152333795.htm
"gánh nặng ""trẻ nuôi con, già trông cháu"" với người cao tuổi trung quốc",https://dantri.com.vn/the-gioi/ganh-nang-tre-nuoi-con-gia-trong-chau-voi-nguoi-cao-tuoi-trung-quoc-20240606101839806.htm
khi nào mọi người cao tuổi ở việt nam đều có thu nhập hằng tháng?,https://dantri.com.vn/lao-dong-viec-lam/khi-nao-moi-nguoi-cao-tuoi-o-viet-nam-deu-co-thu-nhap-hang-thang-20241002114947572.htm
tăng huyết áp ở người cao tuổi,https://dantri.com.vn/suc-khoe/tang-huyet-ap-o-nguoi-cao-tuoi-20201223084856227.htm
trợ cấp cho người cao tuổi trong năm 2024,https://dantri.com.vn/lao-dong-viec-lam/tro-cap-cho-nguoi-cao-tuoi-trong-nam-2024-20240208073028030.htm
lao động người cao tuổi,https://dantri.com.vn/tam-diem/lao-dong-nguoi-cao-tuoi-20230218185533660.htm
thị trường lao động cho người cao tuổi,https://dantri.com.vn/video/thi-truong-lao-dong-cho-nguoi-cao-tuoi-80631.htm
tiểu són - bệnh khó nói ở người cao tuổi,https://dantri.com.vn/doi-song/tieu-son-benh-kho-noi-o-nguoi-cao-tuoi-20230104093949541.htm
chia sẻ của người cao tuổi tiểu biểu,https://dantri.com.vn/video/chia-se-cua-nguoi-cao-tuoi-tieu-bieu-124369.htm
tư tưởng hồ chí minh về người cao tuổi,https://dantri.com.vn/xa-hoi/tu-tuong-ho-chi-minh-ve-nguoi-cao-tuoi-20221005072200442.htm
thực phẩm tốt cho người cao tuổi,https://dantri.com.vn/suc-khoe/thuc-pham-tot-cho-nguoi-cao-tuoi-20170821105945949.htm
tyler perry trả tiền mua đồ thay người cao tuổi,https://dantri.com.vn/video/tyler-perry-tra-tien-mua-do-thay-nguoi-cao-tuoi-118362.htm
đề xuất cho người cao tuổi vay vốn khởi nghiệp,https://dantri.com.vn/lao-dong-viec-lam/de-xuat-cho-nguoi-cao-tuoi-vay-von-khoi-nghiep-20230926114008571.htm
ăn vui sống khoẻ như người cao tuổi,https://dantri.com.vn/suc-khoe/an-vui-song-khoe-nhu-nguoi-cao-tuoi-20160616102013006.htm
"mức trợ cấp với người cao tuổi có thể tăng lên 2,25 triệu đồng/tháng",https://dantri.com.vn/lao-dong-viec-lam/muc-tro-cap-voi-nguoi-cao-tuoi-co-the-tang-len-225-trieu-dongthang-20240516052943425.htm
vinamilk và “tháng hành động vì người cao tuổi”,https://dantri.com.vn/doi-song/vinamilk-va-thang-hanh-dong-vi-nguoi-cao-tuoi-201512111440351.htm
giới trẻ theo học trường đại học dành cho người cao tuổi,https://dantri.com.vn/video/gioi-tre-theo-hoc-truong-dai-hoc-danh-cho-nguoi-cao-tuoi-167852.htm
bộ trưởng bộ y tế nói về đề xuất hỗ trợ bảo hiểm y tế cho người cao tuổi,https://dantri.com.vn/lao-dong-viec-lam/bo-truong-bo-y-te-noi-ve-de-xuat-ho-tro-bao-hiem-y-te-cho-nguoi-cao-tuoi-20241031183646776.htm
"""bảo đảm 100% người cao tuổi có bảo hiểm y tế""",https://dantri.com.vn/lao-dong-viec-lam/bao-dam-100-nguoi-cao-tuoi-co-bao-hiem-y-te-20230630183918385.htm
giải bài toán tài chính cho người cao tuổi,https://dantri.com.vn/kinh-doanh/giai-bai-toan-tai-chinh-cho-nguoi-cao-tuoi-20161219175110959.htm
người cao tuổi nhật bản tăng lên mức kỷ lục mới,https://dantri.com.vn/the-gioi/nguoi-cao-tuoi-nhat-ban-tang-len-muc-ky-luc-moi-20210920200106688.htm
người cao tuổi khi đi làm có bị cắt lương hưu?,https://dantri.com.vn/lao-dong-viec-lam/nguoi-cao-tuoi-khi-di-lam-co-bi-cat-luong-huu-20230108074412390.htm
thoái hóa khớp - nỗi ám ảnh của người cao tuổi,https://dantri.com.vn/suc-khoe/thoai-hoa-khop-noi-am-anh-cua-nguoi-cao-tuoi-20220624084336984.htm
thái lan khuyến khích người cao tuổi làm việc,https://dantri.com.vn/lao-dong-viec-lam/thai-lan-khuyen-khich-nguoi-cao-tuoi-lam-viec-20160929072514303.htm
sắp diễn ra liên hoan tiếng hát người cao tuổi toàn quốc năm 2023,https://dantri.com.vn/giai-tri/sap-dien-ra-lien-hoan-tieng-hat-nguoi-cao-tuoi-toan-quoc-nam-2023-20231017112306012.htm
hải phòng: tổ chức tặng quà mừng thọ người cao tuổi,https://dantri.com.vn/lao-dong-viec-lam/hai-phong-to-chuc-tang-qua-mung-tho-nguoi-cao-tuoi-20210109130042461.htm
cơ hội sang nhật làm chăm sóc viên với người cao tuổi,https://dantri.com.vn/lao-dong-viec-lam/co-hoi-sang-nhat-lam-cham-soc-vien-voi-nguoi-cao-tuoi-20230112163416714.htm
"nghiên cứu ""màn 2 cuộc đời"" cho người cao tuổi, tại sao không?",https://dantri.com.vn/lao-dong-viec-lam/nghien-cuu-man-2-cuoc-doi-cho-nguoi-cao-tuoi-tai-sao-khong-20211001104019646.htm
tã giấy cho người cao tuổi mắc rối loạn bài tiết,https://dantri.com.vn/suc-khoe/ta-giay-cho-nguoi-cao-tuoi-mac-roi-loan-bai-tiet-20221104062130157.htm
người cao tuổi “nai lưng” đóng quỹ xóm,https://dantri.com.vn/xa-hoi/nguoi-cao-tuoi-nai-lung-dong-quy-xom-20171124161853961.htm
những lưu ý dinh dưỡng cho người cao tuổi,https://dantri.com.vn/suc-khoe/nhung-luu-y-dinh-duong-cho-nguoi-cao-tuoi-20160112100934157.htm
"“bí kíp” giúp người cao tuổi sống lâu, sống khỏe",https://dantri.com.vn/doi-song/bi-kip-giup-nguoi-cao-tuoi-song-lau-song-khoe-20160812174219947.htm
tri ân người cao tuổi nhân ngày truyền thống,https://dantri.com.vn/doi-song/tri-an-nguoi-cao-tuoi-nhan-ngay-truyen-thong-20160607152938416.htm
người cao tuổi: điên vì… cô đơn?,https://dantri.com.vn/suc-khoe/nguoi-cao-tuoi-dien-vi-co-don-1387732964.htm
"tạo việc làm cho người cao tuổi: ""một mũi tên trúng nhiều đích...""",https://dantri.com.vn/lao-dong-viec-lam/tao-viec-lam-cho-nguoi-cao-tuoi-mot-mui-ten-trung-nhieu-dich-20210605133229009.htm
vinamilk chăm sóc sức khoẻ người cao tuổi,https://dantri.com.vn/tu-van/vinamilk-cham-soc-suc-khoe-nguoi-cao-tuoi-1396941813.htm
người cao tuổi có nguy cơ tự tử cao hơn?,https://dantri.com.vn/khoa-hoc/nguoi-cao-tuoi-co-nguy-co-tu-tu-cao-hon-20181018084150225.htm
căn hộ chăm sóc sức khỏe cho người cao tuổi ở tphcm,https://dantri.com.vn/bat-dong-san/can-ho-cham-soc-suc-khoe-cho-nguoi-cao-tuoi-o-tphcm-20220520070902065.htm
tại sao người cao tuổi ngủ kém hơn?,https://dantri.com.vn/khoa-hoc/tai-sao-nguoi-cao-tuoi-ngu-kem-hon-20170413103909569.htm
tổng bí thư: người cao tuổi là vốn quý của dân tộc,https://dantri.com.vn/lao-dong-viec-lam/tong-bi-thu-nguoi-cao-tuoi-la-von-quy-cua-dan-toc-20220113201342056.htm
chủ tịch nước: người cao tuổi là trụ cột của gia đình và xã hội,https://dantri.com.vn/xa-hoi/chu-tich-nuoc-nguoi-cao-tuoi-la-tru-cot-cua-gia-dinh-va-xa-hoi-20210928203341179.htm
"chăm sóc người cao tuổi ""xịn"" kiểu nhật bản",https://dantri.com.vn/suc-khoe/cham-soc-nguoi-cao-tuoi-xin-kieu-nhat-ban-20171103152004941.htm
biến chứng do sốt cao ở người cao tuổi,https://dantri.com.vn/suc-khoe/bien-chung-do-sot-cao-o-nguoi-cao-tuoi-20161229055827297.htm
hội người cao tuổi việt nam ký hợp tác với hệ thống bệnh viện mắt sài gòn,https://dantri.com.vn/suc-khoe/hoi-nguoi-cao-tuoi-viet-nam-ky-hop-tac-voi-he-thong-benh-vien-mat-sai-gon-20240411172526930.htm
người cao tuổi cũng học tiêu dùng qua app ngân hàng,https://dantri.com.vn/kinh-doanh/nguoi-cao-tuoi-cung-hoc-tieu-dung-qua-app-ngan-hang-20210701112916427.htm
người cao tuổi cần phải tăng cường sức khỏe chủ động,https://dantri.com.vn/suc-khoe/nguoi-cao-tuoi-can-phai-tang-cuong-suc-khoe-chu-dong-20200227194043187.htm
những điều người cao tuổi cần biết khi tiêm vaccine covid-19,https://dantri.com.vn/video/nhung-dieu-nguoi-cao-tuoi-can-biet-khi-tiem-vaccine-covid19-148887.htm
đà nẵng: phấn đấu để 100% người cao tuổi có thẻ bảo hiểm y tế,https://dantri.com.vn/lao-dong-viec-lam/da-nang-phan-dau-de-100-nguoi-cao-tuoi-co-the-bao-hiem-y-te-20221228192848349.htm
người cao tuổi vẫn cần sống năng động,https://dantri.com.vn/tu-van/nguoi-cao-tuoi-van-can-song-nang-dong-1399950364.htm
"ưu tiên chăm sóc, bảo vệ người cao tuổi trong đại dịch covid-19",https://dantri.com.vn/lao-dong-viec-lam/uu-tien-cham-soc-bao-ve-nguoi-cao-tuoi-trong-dai-dich-covid-19-20210605154947446.htm
vingroup mở trung tâm chăm sóc người cao tuổi tại vinhomes ocean park 2,https://dantri.com.vn/bat-dong-san/vingroup-mo-trung-tam-cham-soc-nguoi-cao-tuoi-tai-vinhomes-ocean-park-2-20240328093120304.htm
bệnh nào ảnh hưởng nhiều nhất đến sức khỏe người cao tuổi ở tphcm?,https://dantri.com.vn/suc-khoe/benh-nao-anh-huong-nhieu-nhat-den-suc-khoe-nguoi-cao-tuoi-o-tphcm-20230928022128864.htm
nutifood tham gia chăm sóc sức khỏe cho người cao tuổi,https://dantri.com.vn/doi-song/nutifood-tham-gia-cham-soc-suc-khoe-cho-nguoi-cao-tuoi-20180206113623621.htm
"phương pháp ""chăm sóc điều dưỡng hỗ trợ tự lập"" cho người cao tuổi",https://dantri.com.vn/video/phuong-phap-cham-soc-dieu-duong-ho-tro-tu-lap-cho-nguoi-cao-tuoi-165817.htm
tắm onsen - bí quyết sức khỏe của người cao tuổi nhật bản,https://dantri.com.vn/bat-dong-san/tam-onsen-bi-quyet-suc-khoe-cua-nguoi-cao-tuoi-nhat-ban-20201124075150697.htm
vinamilk chăm sóc sức khỏe cho hơn 500 người cao tuổi,https://dantri.com.vn/doi-song/vinamilk-cham-soc-suc-khoe-cho-hon-500-nguoi-cao-tuoi-20170620073539295.htm
"người cao tuổi châu âu vật lộn trong ""sóng nhiệt"" trên 40 độ c",https://dantri.com.vn/the-gioi/nguoi-cao-tuoi-chau-au-vat-lon-trong-song-nhiet-tren-40-do-c-20230721085657805.htm
tạm giữ hình sự 4 phụ nữ chuyên lừa tiền của người cao tuổi,https://dantri.com.vn/phap-luat/tam-giu-hinh-su-4-phu-nu-chuyen-lua-tien-cua-nguoi-cao-tuoi-20240318200441081.htm
"làn sóng ""người cao tuổi kỹ thuật số"" bùng nổ ở châu á",https://dantri.com.vn/cong-nghe/lan-song-nguoi-cao-tuoi-ky-thuat-so-bung-no-o-chau-a-20220123230806170.htm
hành trình 4 năm chăm sóc sức khỏe người cao tuổi,https://dantri.com.vn/doi-song/hanh-trinh-4-nam-cham-soc-suc-khoe-nguoi-cao-tuoi-20160908151402787.htm
tưng bừng ngày hội “hoan hỉ” của người cao tuổi,https://dantri.com.vn/tu-van/tung-bung-ngay-hoi-hoan-hi-cua-nguoi-cao-tuoi-1396260984.htm
"tphcm có hơn 1 triệu người cao tuổi, báo động tình trạng ""ngại đẻ""",https://dantri.com.vn/suc-khoe/tphcm-co-hon-1-trieu-nguoi-cao-tuoi-bao-dong-tinh-trang-ngai-de-20231210114528467.htm
người cao tuổi có được miễn tiền án phí và lệ phí tòa?,https://dantri.com.vn/ban-doc/nguoi-cao-tuoi-co-duoc-mien-tien-an-phi-va-le-phi-toa-20220821082823636.htm
"caryn khởi động ""ngày hội chăm sóc sức khỏe"", hướng đến người cao tuổi",https://dantri.com.vn/suc-khoe/caryn-khoi-dong-ngay-hoi-cham-soc-suc-khoe-huong-den-nguoi-cao-tuoi-20231101170414259.htm
kingsport triển khai chuỗi hoạt động vì người cao tuổi trong tháng vu lan,https://dantri.com.vn/kinh-doanh/kingsport-trien-khai-chuoi-hoat-dong-vi-nguoi-cao-tuoi-trong-thang-vu-lan-20230830190155404.htm
nutifood chăm sóc sức khỏe miễn phí cho người cao tuổi quận 9,https://dantri.com.vn/doi-song/nutifood-cham-soc-suc-khoe-mien-phi-cho-nguoi-cao-tuoi-quan-9-20180612120207478.htm
thực phẩm có lợi cho người cao tuổi,https://dantri.com.vn/tu-van/thuc-pham-co-loi-cho-nguoi-cao-tuoi-1346013489.htm
hệ thống viện dưỡng lão tiện nghi cho người cao tuổi giữa lòng tphcm,https://dantri.com.vn/suc-khoe/he-thong-vien-duong-lao-tien-nghi-cho-nguoi-cao-tuoi-giua-long-tphcm-20231219062227720.htm
thành phố thân thiện với người cao tuổi,https://dantri.com.vn/xa-hoi/thanh-pho-than-thien-voi-nguoi-cao-tuoi-1317786285.htm
khó như chăm sóc người cao tuổi,https://dantri.com.vn/suc-khoe/kho-nhu-cham-soc-nguoi-cao-tuoi-1312691984.htm
"“chăm sóc người cao tuổi cần thực hiện từng giờ, từng phút”",https://dantri.com.vn/chinh-tri/cham-soc-nguoi-cao-tuoi-can-thuc-hien-tung-gio-tung-phut-20170928112420096.htm
"“chăm sóc người cao tuổi cần thực hiện từng giờ, từng phút”",https://dantri.com.vn/suc-khoe/cham-soc-nguoi-cao-tuoi-can-thuc-hien-tung-gio-tung-phut-20180116102647899.htm
"người cao tuổi ""đi học"" bán trú mỗi ngày",https://dantri.com.vn/lao-dong-viec-lam/nguoi-cao-tuoi-di-hoc-ban-tru-moi-ngay-20230523120514352.htm
dịch vụ chăm sóc cao cấp cho người cao tuổi: tiềm năng còn bỏ ngỏ,https://dantri.com.vn/suc-khoe/dich-vu-cham-soc-cao-cap-cho-nguoi-cao-tuoi-tiem-nang-con-bo-ngo-20240326110944574.htm
"người cao tuổi, trẻ em được giảm ít nhất 20% giá vé xem phim",https://dantri.com.vn/xa-hoi/nguoi-cao-tuoi-tre-em-duoc-giam-it-nhat-20-gia-ve-xem-phim-20230102091630853.htm
kingsport góp 399 triệu đồng vào quỹ chăm sóc và phát huy vai trò người cao tuổi,https://dantri.com.vn/kinh-doanh/kingsport-gop-399-trieu-dong-vao-quy-cham-soc-va-phat-huy-vai-tro-nguoi-cao-tuoi-20231026103713023.htm
​vinamilk đồng hành chăm sóc sức khỏe cho gần 2000 người cao tuổi,https://dantri.com.vn/doi-song/vinamilk-dong-hanh-cham-soc-suc-khoe-cho-gan-2000-nguoi-cao-tuoi-20170921124717594.htm
"4,6% người cao tuổi tại cộng đồng mắc sa sút trí tuệ",https://dantri.com.vn/dien-dan/46-nguoi-cao-tuoi-tai-cong-dong-mac-sa-sut-tri-tue-20191022135650578.htm
những căn bệnh nguy hiểm người cao tuổi nên biết,https://dantri.com.vn/suc-khoe/nhung-can-benh-nguy-hiem-nguoi-cao-tuoi-nen-biet-1393972421.htm
"nhiều người cao tuổi suy hô hấp, phải thở máy vì trời rét",https://dantri.com.vn/suc-khoe/nhieu-nguoi-cao-tuoi-suy-ho-hap-phai-tho-may-vi-troi-ret-20210115115325231.htm
"dân số già hóa nhanh, người cao tuổi thiếu sân chơi",https://dantri.com.vn/suc-khoe/dan-so-gia-hoa-nhanh-nguoi-cao-tuoi-thieu-san-choi-20151224065323126.htm
bộ trưởng đào ngọc dung: cần có kế sách tạo việc làm cho người cao tuổi,https://dantri.com.vn/lao-dong-viec-lam/bo-truong-dao-ngoc-dung-can-co-ke-sach-tao-viec-lam-cho-nguoi-cao-tuoi-20220315153332560.htm
phong cách sống năng động truyền cảm hứng đến hàng triệu người cao tuổi,https://dantri.com.vn/doi-song/phong-cach-song-nang-dong-truyen-cam-hung-den-hang-trieu-nguoi-cao-tuoi-20221101051904751.htm
"ngăn dịch covid, đến tận nhà khám chữa bệnh cho người cao tuổi",https://dantri.com.vn/suc-khoe/ngan-dich-covid-den-tan-nha-kham-chua-benh-cho-nguoi-cao-tuoi-20200401162353913.htm
bí quyết vàng cho sức khỏe người cao tuổi,https://dantri.com.vn/tu-van/bi-quyet-vang-cho-suc-khoe-nguoi-cao-tuoi-1384807481.htm
hệ thống dưỡng lão bình mỹ - giải pháp tối ưu chăm sóc người cao tuổi sau tai biến,https://dantri.com.vn/suc-khoe/he-thong-duong-lao-binh-my-giai-phap-toi-uu-cham-soc-nguoi-cao-tuoi-sau-tai-bien-20240427115122252.htm
thúc đẩy hòa nhập cho người khuyết tật và người cao tuổi,https://dantri.com.vn/doi-song/thuc-day-hoa-nhap-cho-nguoi-khuyet-tat-va-nguoi-cao-tuoi-20151209104102496.htm
tphcm nêu quận duy nhất chưa có kế hoạch khám sức khỏe người cao tuổi,https://dantri.com.vn/suc-khoe/tphcm-neu-quan-duy-nhat-chua-co-ke-hoach-kham-suc-khoe-nguoi-cao-tuoi-20240301150333804.htm
những hoạt động đầy ý nghĩa nhân ngày người cao tuổi việt nam,https://dantri.com.vn/doi-song/nhung-hoat-dong-day-y-nghia-nhan-ngay-nguoi-cao-tuoi-viet-nam-20170607073321049.htm
nutifood khám sức khỏe và tư vấn dinh dưỡng cho người cao tuổi,https://dantri.com.vn/doi-song/nutifood-kham-suc-khoe-va-tu-van-dinh-duong-cho-nguoi-cao-tuoi-20170930131435774.htm
nguyên nhân khiến người cao tuổi ăn không ngon,https://dantri.com.vn/tu-van/nguyen-nhan-khien-nguoi-cao-tuoi-an-khong-ngon-1398220874.htm
"bí kíp ăn ngon, tập vui cho người cao tuổi",https://dantri.com.vn/suc-khoe/bi-kip-an-ngon-tap-vui-cho-nguoi-cao-tuoi-20160606102452506.htm
5 nghề “chuộng” người cao tuổi,https://dantri.com.vn/lao-dong-viec-lam/5-nghe-chuong-nguoi-cao-tuoi-1236789357.htm
"chủ tịch nước: hành động để mọi người cao tuổi được quan tâm, chăm sóc tận tình",https://dantri.com.vn/lao-dong-viec-lam/chu-tich-nuoc-hanh-dong-de-moi-nguoi-cao-tuoi-duoc-quan-tam-cham-soc-tan-tinh-20221002120956458.htm
"kingsport phối hợp thực hiện chương trình ""mắt sáng cho người cao tuổi năm 2023""",https://dantri.com.vn/doi-song/kingsport-phoi-hop-thuc-hien-chuong-trinh-mat-sang-cho-nguoi-cao-tuoi-nam-2023-20231218090700927.htm
tã quần caryn góp phần nâng chất lượng sống người cao tuổi việt nam,https://dantri.com.vn/doi-song/ta-quan-caryn-gop-phan-nang-chat-luong-song-nguoi-cao-tuoi-viet-nam-20221228141238169.htm
thực phẩm có lợi cho người cao tuổi,https://dantri.com.vn/tu-van/thuc-pham-co-loi-cho-nguoi-cao-tuoi-1352063282.htm
suy giảm tình dục ở người cao tuổi: hiểu sao cho đúng?,https://dantri.com.vn/suc-khoe/suy-giam-tinh-duc-o-nguoi-cao-tuoi-hieu-sao-cho-dung-2016052315374916.htm
dinh dưỡng cân bằng cho sức khỏe người cao tuổi,https://dantri.com.vn/suc-khoe/dinh-duong-can-bang-cho-suc-khoe-nguoi-cao-tuoi-20160701095037402.htm
bí quyết cải thiện tình trạng nghe kém ở người cao tuổi nhờ kim thính,https://dantri.com.vn/suc-khoe/bi-quyet-cai-thien-tinh-trang-nghe-kem-o-nguoi-cao-tuoi-nho-kim-thinh-20191226082709557.htm
phòng tránh nguy cơ té ngã ở người cao tuổi gặp chứng tiểu đêm,https://dantri.com.vn/suc-khoe/phong-tranh-nguy-co-te-nga-o-nguoi-cao-tuoi-gap-chung-tieu-dem-20211104130500531.htm
ceo abcsport lê trường mạnh tặng người cao tuổi 40.000 máy đo huyết áp,https://dantri.com.vn/kinh-doanh/ceo-abcsport-le-truong-manh-tang-nguoi-cao-tuoi-40000-may-do-huyet-ap-20220217212220339.htm
"""tiếng lòng"" người cao tuổi",https://dantri.com.vn/tu-van/tieng-long-nguoi-cao-tuoi-1377171814.htm
những phản ứng sau tiêm vaccine covid-19 hay gặp ở người cao tuổi,https://dantri.com.vn/suc-khoe/nhung-phan-ung-sau-tiem-vaccine-covid19-hay-gap-o-nguoi-cao-tuoi-20220124162842347.htm
hơn 4.000 người cao tuổi tp.hcm tham gia hội thi thể dục dưỡng sinh,https://dantri.com.vn/doi-song/hon-4000-nguoi-cao-tuoi-tphcm-tham-gia-hoi-thi-the-duc-duong-sinh-20171001213457828.htm
chỉ có 5% người cao tuổi khỏe mạnh,https://dantri.com.vn/suc-khoe/chi-co-5-nguoi-cao-tuoi-khoe-manh-1334124868.htm
táo bón ở người cao tuổi: không nên chủ quan,https://dantri.com.vn/tu-van/tao-bon-o-nguoi-cao-tuoi-khong-nen-chu-quan-1384093804.htm
báo động tình trạng thiếu trầm trọng nhân viên chăm sóc người cao tuổi,https://dantri.com.vn/lao-dong-viec-lam/bao-dong-tinh-trang-thieu-tram-trong-nhan-vien-cham-soc-nguoi-cao-tuoi-20210810162302942.htm
"ngăn ngừa thoái hóa xương khớp cho người cao tuổi, bạn biết cách chưa?",https://dantri.com.vn/suc-khoe/ngan-ngua-thoai-hoa-xuong-khop-cho-nguoi-cao-tuoi-ban-biet-cach-chua-20201019003326035.htm
người cao tuổi hàn quốc tham gia lao động tăng cao kỷ lục,https://dantri.com.vn/video/nguoi-cao-tuoi-han-quoc-tham-gia-lao-dong-tang-cao-ky-luc-53396.htm
tặng 2.000 sản phẩm dầu ngải diệp dược nam hà cho người cao tuổi,https://dantri.com.vn/suc-khoe/tang-2000-san-pham-dau-ngai-diep-duoc-nam-ha-cho-nguoi-cao-tuoi-20211019140000633.htm
những sai lầm phổ biến trong chăm sóc người cao tuổi,https://dantri.com.vn/tu-van/nhung-sai-lam-pho-bien-trong-cham-soc-nguoi-cao-tuoi-20170721104851244.htm
"chủ tịch hội người cao tuổi ""ôm"" tiền bỏ trốn",https://dantri.com.vn/xa-hoi/chu-tich-hoi-nguoi-cao-tuoi-om-tien-bo-tron-1411674143.htm
"căn bệnh ung thư diễn tiến thầm lặng, thường gặp nhất ở người cao tuổi",https://dantri.com.vn/suc-khoe/can-benh-ung-thu-dien-tien-tham-lang-thuong-gap-nhat-o-nguoi-cao-tuoi-20220924171538924.htm
"người cao tuổi châu á muốn làm việc, tiếp tục đóng góp cho xã hội",https://dantri.com.vn/video/nguoi-cao-tuoi-chau-a-muon-lam-viec-tiep-tuc-dong-gop-cho-xa-hoi-107807.htm
chụp ảnh người cao tuổi miễn phí nhưng vẫn thu tiền triệu: tự nguyện đóng?,https://dantri.com.vn/xa-hoi/chup-anh-nguoi-cao-tuoi-mien-phi-nhung-van-thu-tien-trieu-tu-nguyen-dong-20230323102148403.htm
người cao tuổi thái lan vẫn có thể làm ra tiền trong trại dưỡng lão,https://dantri.com.vn/lao-dong-viec-lam/nguoi-cao-tuoi-thai-lan-van-co-the-lam-ra-tien-trong-trai-duong-lao-2018102009273836.htm
thủ tướng: người cao tuổi là chỗ dựa vững chắc cho các thế hệ con cháu,https://dantri.com.vn/xa-hoi/thu-tuong-nguoi-cao-tuoi-la-cho-dua-vung-chac-cho-cac-the-he-con-chau-20231116122736760.htm
xu hướng người cao tuổi muốn tiếp tục làm việc tại châu á,https://dantri.com.vn/lao-dong-viec-lam/xu-huong-nguoi-cao-tuoi-muon-tiep-tuc-lam-viec-tai-chau-a-20190212230600508.htm
đau xương khớp ở người cao tuổi - hãy quan tâm nhiều hơn,https://dantri.com.vn/tu-van/dau-xuong-khop-o-nguoi-cao-tuoi-hay-quan-tam-nhieu-hon-20161110074743855.htm
vì sao người cao tuổi nên ngủ trưa khoảng 1 tiếng?,https://dantri.com.vn/suc-khoe/vi-sao-nguoi-cao-tuoi-nen-ngu-trua-khoang-1-tieng-20170110095406005.htm
đa số người cao tuổi ở hàn quốc muốn được làm việc thêm,https://dantri.com.vn/lao-dong-viec-lam/da-so-nguoi-cao-tuoi-o-han-quoc-muon-duoc-lam-viec-them-20190724073828561.htm
vinamilk chăm sóc sức khỏe cho hơn 1.600 người cao tuổi,https://dantri.com.vn/doi-song/vinamilk-cham-soc-suc-khoe-cho-hon-1600-nguoi-cao-tuoi-20151111070619729.htm
trung quốc: trường đại học dành cho người cao tuổi,https://dantri.com.vn/giao-duc/trung-quoc-truong-dai-hoc-danh-cho-nguoi-cao-tuoi-1423013664.htm
giải pháp dinh dưỡng cho những vấn đề tiêu hóa của người cao tuổi,https://dantri.com.vn/suc-khoe/giai-phap-dinh-duong-cho-nhung-van-de-tieu-hoa-cua-nguoi-cao-tuoi-20201023154420825.htm
vinamilk chăm sóc sức khỏe cho 10 nghìn người cao tuổi tại 27 tỉnh thành,https://dantri.com.vn/doi-song/vinamilk-cham-soc-suc-khoe-cho-10-nghin-nguoi-cao-tuoi-tai-27-tinh-thanh-20220611085001644.htm
"những cụ ông, cụ bà đại thọ tại việt nam: ai là người cao tuổi nhất?",https://dantri.com.vn/doi-song/nhung-cu-ong-cu-ba-dai-tho-tai-viet-nam-ai-la-nguoi-cao-tuoi-nhat-20240310164249625.htm
vinamilk tổ chức nhiều hoạt động ý nghĩa cho người cao tuổi cả nước,https://dantri.com.vn/doi-song/vinamilk-to-chuc-nhieu-hoat-dong-y-nghia-cho-nguoi-cao-tuoi-ca-nuoc-20191004192106978.htm
"giao mùa, chuyên gia khuyến cáo: không nên xem thường cúm mùa ở người cao tuổi",https://dantri.com.vn/suc-khoe/giao-mua-chuyen-gia-khuyen-cao-khong-nen-xem-thuong-cum-mua-o-nguoi-cao-tuoi-20240322094240901.htm
công nghệ safe tech: trồng răng an toàn và thành công cho người cao tuổi,https://dantri.com.vn/suc-khoe/cong-nghe-safe-tech-trong-rang-an-toan-va-thanh-cong-cho-nguoi-cao-tuoi-20220622070301868.htm
thị trường lao động cho người cao tuổi,https://dantri.com.vn/lao-dong-viec-lam/thi-truong-lao-dong-cho-nguoi-cao-tuoi-2018052122451786.htm
chủ tịch quốc hội chúc tết hội người cao tuổi vn,https://dantri.com.vn/chinh-tri/chu-tich-quoc-hoi-chuc-tet-hoi-nguoi-cao-tuoi-vn-1327166466.htm
đối phó với chứng lãng tai ở người cao tuổi,https://dantri.com.vn/suc-khoe/doi-pho-voi-chung-lang-tai-o-nguoi-cao-tuoi-1412200005.htm
thực phẩm duy trì sức khỏe cho người cao tuổi,https://dantri.com.vn/tu-van/thuc-pham-duy-tri-suc-khoe-cho-nguoi-cao-tuoi-1347127088.htm
có nên tiêm vaccine cúm cho người cao tuổi trước nguy cơ dịch chồng dịch?,https://dantri.com.vn/suc-khoe/co-nen-tiem-vaccine-cum-cho-nguoi-cao-tuoi-truoc-nguy-co-dich-chong-dich-20220814153358374.htm
từ vụ tịnh thất bồng lai: người cao tuổi phạm tội được ưu đãi gì?,https://dantri.com.vn/ban-doc/tu-vu-tinh-that-bong-lai-nguoi-cao-tuoi-pham-toi-duoc-uu-dai-gi-20220107121320712.htm
tphcm miễn phí vé xe buýt cho người cao tuổi,https://dantri.com.vn/xa-hoi/tphcm-mien-phi-ve-xe-buyt-cho-nguoi-cao-tuoi-1389651532.htm
gần 65% người cao tuổi nằm viện bị suy dinh dưỡng,https://dantri.com.vn/suc-khoe/gan-65-nguoi-cao-tuoi-nam-vien-bi-suy-dinh-duong-20161130204854969.htm
cải thiện chức năng ăn nhai cho người cao tuổi như thế nào?,https://dantri.com.vn/suc-khoe/cai-thien-chuc-nang-an-nhai-cho-nguoi-cao-tuoi-nhu-the-nao-20181008142539006.htm
tiêm vaccine và dinh dưỡng - bộ đôi bảo vệ người cao tuổi mùa dịch bệnh,https://dantri.com.vn/suc-khoe/tiem-vaccine-va-dinh-duong-bo-doi-bao-ve-nguoi-cao-tuoi-mua-dich-benh-20211113155047301.htm
người cao tuổi - động lực mới của sự phát triển,https://dantri.com.vn/suc-khoe/nguoi-cao-tuoi-dong-luc-moi-cua-su-phat-trien-1412708782.htm
chữa trầm cảm ở người cao tuổi vì sao lại khó khăn hơn người trẻ tuổi?,https://dantri.com.vn/suc-khoe/chua-tram-cam-o-nguoi-cao-tuoi-vi-sao-lai-kho-khan-hon-nguoi-tre-tuoi-20190425212646101.htm
hơn 100 người cao tuổi hoàn thành tiêm thử vắc xin covid-19 việt nam,https://dantri.com.vn/suc-khoe/hon-100-nguoi-cao-tuoi-hoan-thanh-tiem-thu-vac-xin-covid-19-viet-nam-20210311105403354.htm
chăm sóc người cao tuổi còn nặng tính thương mại,https://dantri.com.vn/xa-hoi/cham-soc-nguoi-cao-tuoi-con-nang-tinh-thuong-mai-1346106950.htm
người cao tuổi dùng thực phẩm chức năng - lợi và hại gì?,https://dantri.com.vn/suc-khoe/nguoi-cao-tuoi-dung-thuc-pham-chuc-nang-loi-va-hai-gi-20160729091524469.htm
chương trình “vinamilk chăm sóc sức khoẻ người cao tuổi” đến tp.hcm,https://dantri.com.vn/tu-van/chuong-trinh-vinamilk-cham-soc-suc-khoe-nguoi-cao-tuoi-den-tphcm-1398094482.htm
nghệ an: “một triệu áo ấm tặng người cao tuổi nghèo”,https://dantri.com.vn/tam-long-nhan-ai/mot-trieu-ao-am-tang-nguoi-cao-tuoi-ngheo-1254640476.htm
công an đến tận nhà đưa đón người cao tuổi đi làm căn cước công dân,https://dantri.com.vn/xa-hoi/cong-an-den-tan-nha-dua-don-nguoi-cao-tuoi-di-lam-can-cuoc-cong-dan-20220729235429331.htm
khiêu vũ có lợi cho sức khỏe não của người cao tuổi,https://dantri.com.vn/khoa-hoc/khieu-vu-co-loi-cho-suc-khoe-nao-cua-nguoi-cao-tuoi-20171016085024235.htm
suy giảm thính lực ở người cao tuổi có chữa được không?,https://dantri.com.vn/suc-khoe/suy-giam-thinh-luc-o-nguoi-cao-tuoi-co-chua-duoc-khong-20190108141117621.htm
đề xuất thành lập vụ sức khoẻ người cao tuổi thuộc tổng cục dân số,https://dantri.com.vn/suc-khoe/de-xuat-thanh-lap-vu-suc-khoe-nguoi-cao-tuoi-thuoc-tong-cuc-dan-so-20170907201441431.htm
để người cao tuổi có giấc ngủ ngon,https://dantri.com.vn/doi-song/de-nguoi-cao-tuoi-co-giac-ngu-ngon-20171107105443771.htm
"nếu chủ quản chấn chỉnh, 'người cao tuổi' đã không sai phạm",https://dantri.com.vn/xa-hoi/neu-chu-quan-chan-chinh-nguoi-cao-tuoi-da-khong-sai-pham-1424648574.htm
phương pháp điều trị mới có thể giúp người cao tuổi “khoẻ” lâu hơn,https://dantri.com.vn/khoa-hoc/phuong-phap-dieu-tri-moi-co-the-giup-nguoi-cao-tuoi-khoe-lau-hon-20200324064057911.htm
"bạc liêu: tấm lòng người cao tuổi được đặt cả tên ""cầu, đường phụ lão""",https://dantri.com.vn/doi-song/bac-lieu-tam-long-nguoi-cao-tuoi-duoc-dat-ca-ten-cau-duong-phu-lao-20200805101442482.htm
người cao tuổi hàn quốc tham gia lao động tăng cao kỷ lục,https://dantri.com.vn/lao-dong-viec-lam/nguoi-cao-tuoi-han-quoc-tham-gia-lao-dong-tang-cao-ky-luc-20161018225820147.htm
ngày hội chống mù lòa cho người cao tuổi - công nghệ mổ mắt phaco ưu việt,https://dantri.com.vn/video/ngay-hoi-chong-mu-loa-cho-nguoi-cao-tuoi-cong-nghe-mo-mat-phaco-uu-viet-153011.htm
phải tăng nhanh tỉ lệ người cao tuổi có bảo hiểm y tế,https://dantri.com.vn/suc-khoe/phai-tang-nhanh-ti-le-nguoi-cao-tuoi-co-bao-hiem-y-te-20160316071626552.htm
bí quyết chăm sóc người cao tuổi chống loét tì đè,https://dantri.com.vn/tu-van/bi-quyet-cham-soc-nguoi-cao-tuoi-chong-loet-ti-de-2015102016273295.htm
người cao tuổi hà nội mệt mỏi chờ làm thẻ xe buýt miễn phí,https://dantri.com.vn/xa-hoi/nguoi-cao-tuoi-ha-noi-met-moi-cho-lam-the-xe-buyt-mien-phi-20190826112536642.htm
"kingsport nối dài sứ mệnh chăm sóc sức khỏe người cao tuổi với ""hành trình hạnh phúc""",https://dantri.com.vn/doi-song/kingsport-noi-dai-su-menh-cham-soc-suc-khoe-nguoi-cao-tuoi-voi-hanh-trinh-hanh-phuc-20240125095253364.htm
"chủ tịch nước thăm, làm việc với hội người cao tuổi",https://dantri.com.vn/chinh-tri/chu-tich-nuoc-tham-lam-viec-voi-hoi-nguoi-cao-tuoi-1341621314.htm
tphcm: gần 3.500 người cao tuổi sẽ được khám bệnh miễn phí,https://dantri.com.vn/tuvan/tphcm-gan-3500-nguoi-cao-tuoi-se-duoc-kham-benh-mien-phi-1407419904.htm
người cao tuổi hà nội mệt mỏi chờ làm thẻ xe buýt miễn phí,https://dantri.com.vn/video/nguoi-cao-tuoi-ha-noi-met-moi-cho-lam-the-xe-buyt-mien-phi-105660.htm
vinamilk khởi động hành trình chăm sóc sức khỏe cho người cao tuổi năm 2017,https://dantri.com.vn/gia-dinh/vinamilk-khoi-dong-hanh-trinh-cham-soc-suc-khoe-cho-nguoi-cao-tuoi-nam-2017-20170315164721838.htm
phó thủ tướng yêu cầu chăm sóc tốt sức khỏe người cao tuổi,https://dantri.com.vn/suc-khoe/pho-thu-tuong-yeu-cau-cham-soc-tot-suc-khoe-nguoi-cao-tuoi-1427882810.htm
người cao tuổi được giảm giá nhiều dịch vụ?,https://dantri.com.vn/xa-hoi/nguoi-cao-tuoi-duoc-giam-gia-nhieu-dich-vu-1235727636.htm
"hơn 5.300 hộp sữa giả, kém chất lượng được lừa bán cho người cao tuổi",https://dantri.com.vn/xa-hoi/hon-5300-hop-sua-gia-kem-chat-luong-duoc-lua-ban-cho-nguoi-cao-tuoi-20210224075158936.htm
đề nghị cách chức tổng biên tập báo người cao tuổi,https://dantri.com.vn/xa-hoi/de-nghi-cach-chuc-tong-bien-tap-bao-nguoi-cao-tuoi-1424116719.htm
gãy xương ở người cao tuổi,https://dantri.com.vn/suc-khoe/gay-xuong-o-nguoi-cao-tuoi-1135018316.htm
hơn một nửa người cao tuổi không bao giờ tập thể dục,https://dantri.com.vn/suc-khoe/hon-mot-nua-nguoi-cao-tuoi-khong-bao-gio-tap-the-duc-20160908043529041.htm
trao 400 suất quà tết tới người cao tuổi nghèo tỉnh thanh hoá,https://dantri.com.vn/lao-dong-viec-lam/trao-400-suat-qua-tet-toi-nguoi-cao-tuoi-ngheo-tinh-thanh-hoa-20170121092834292.htm
khám bệnh miễn phí cho 450 người cao tuổi diện chính sách,https://dantri.com.vn/suc-khoe/kham-benh-mien-phi-cho-450-nguoi-cao-tuoi-dien-chinh-sach-20161211225014946.htm
6 nguyên tắc vàng cho sức khỏe người cao tuổi,https://dantri.com.vn/suc-khoe/6-nguyen-tac-vang-cho-suc-khoe-nguoi-cao-tuoi-1387651688.htm
"trưng bày, bán tranh sơn dầu chung tay vì người cao tuổi",https://dantri.com.vn/giai-tri/trung-bay-ban-tranh-son-dau-chung-tay-vi-nguoi-cao-tuoi-1389914885.htm
"người cao tuổi hàn quốc như được ""sống lại lần nữa"" nhờ vắc xin covid-19",https://dantri.com.vn/the-gioi/nguoi-cao-tuoi-han-quoc-nhu-duoc-song-lai-lan-nua-nho-vac-xin-covid19-20210617211505050.htm
pv gas hưởng ứng “tháng hành động vì người cao tuổi việt nam”,https://dantri.com.vn/doanh-nghiep/pv-gas-huong-ung-thang-hanh-dong-vi-nguoi-cao-tuoi-viet-nam-20171026145726665.htm
cần lắm hoạt động khám sức khỏe cho người cao tuổi,https://dantri.com.vn/tu-van/can-lam-hoat-dong-kham-suc-khoe-cho-nguoi-cao-tuoi-1350757075.htm
đừng bỏ phí kinh nghiệm và giá trị to lớn của đội ngũ người cao tuổi!,https://dantri.com.vn/xa-hoi/dung-bo-phi-kinh-nghiem-va-gia-tri-to-lon-cua-doi-ngu-nguoi-cao-tuoi-20201001090113513.htm
kingsport ký dự thảo tài trợ quỹ chăm sóc và phát huy vai trò người cao tuổi việt nam,https://dantri.com.vn/doi-song/kingsport-ky-du-thao-tai-tro-quy-cham-soc-va-phat-huy-vai-tro-nguoi-cao-tuoi-viet-nam-20230818090205463.htm
khám sức khỏe miễn phí cho người cao tuổi tại bệnh viện an sinh,https://dantri.com.vn/doi-song/kham-suc-khoe-mien-phi-cho-nguoi-cao-tuoi-tai-benh-vien-an-sinh-20160926171037689.htm
vinparents - món quà sức khoẻ dành cho người cao tuổi,https://dantri.com.vn/tu-van/vinparents-mon-qua-suc-khoe-danh-cho-nguoi-cao-tuoi-1354443512.htm
"""đi từng ngõ, gõ từng nhà"" tiêm vét cho người cao tuổi, có bệnh lý nền",https://dantri.com.vn/suc-khoe/di-tung-ngo-go-tung-nha-tiem-vet-cho-nguoi-cao-tuoi-co-benh-ly-nen-20211206203454096.htm
đến ngày hội người cao tuổi sẽ được khám sức khỏe miễn phí,https://dantri.com.vn/doi-song/den-ngay-hoi-nguoi-cao-tuoi-se-duoc-kham-suc-khoe-mien-phi-20180608102600322.htm
đến lượt air mekong giảm giá vé cho người cao tuổi,https://dantri.com.vn/thi-truong/den-luot-air-mekong-giam-gia-ve-cho-nguoi-cao-tuoi-1313975123.htm
những điều cần biết về chăm sóc sức khỏe người cao tuổi,https://dantri.com.vn/khoa-hoc/nhung-dieu-can-biet-ve-cham-soc-suc-khoe-nguoi-cao-tuoi-20160704112809189.htm
chủ động tài chính của người cao tuổi,https://dantri.com.vn/kinh-doanh/chu-dong-tai-chinh-cua-nguoi-cao-tuoi-20160604095225907.htm
những dưỡng chất giúp củng cố hệ xương của người cao tuổi,https://dantri.com.vn/suc-khoe/nhung-duong-chat-giup-cung-co-he-xuong-cua-nguoi-cao-tuoi-20151226122734302.htm
vinamilk chăm sóc sức khỏe cho người cao tuổi tiền giang,https://dantri.com.vn/doanh-nghiep/vinamilk-cham-soc-suc-khoe-cho-nguoi-cao-tuoi-tien-giang-1371716211.htm
62% người cao tuổi vn chưa có lương hưu hoặc trợ cấp tuổi già,https://dantri.com.vn/lao-dong-viec-lam/62-nguoi-cao-tuoi-vn-chua-co-luong-huu-hoac-tro-cap-tuoi-gia-20150909100344502.htm
ngô phương lan cổ vũ người cao tuổi luyện tập thể thao,https://dantri.com.vn/giai-tri/ngo-phuong-lan-co-vu-nguoi-cao-tuoi-luyen-tap-the-thao-1401636324.htm
"xử lý ngay 4 nguyên nhân này, người cao tuổi không lo ho làm phiền",https://dantri.com.vn/suc-khoe/xu-ly-ngay-4-nguyen-nhan-nay-nguoi-cao-tuoi-khong-lo-ho-lam-phien-20190218010049541.htm
khởi phát bệnh parkinson ở người trẻ có gì khác với người cao tuổi?,https://dantri.com.vn/suc-khoe/khoi-phat-benh-parkinson-o-nguoi-tre-co-gi-khac-voi-nguoi-cao-tuoi-20190121171214156.htm
hiểm họa từ nhiệt độ 32 độ c với người cao tuổi,https://dantri.com.vn/suc-khoe/hiem-hoa-tu-nhiet-do-32-do-c-voi-nguoi-cao-tuoi-1433210466.htm
vinamilk hỗ trợ tư vấn dinh dưỡng và sức khỏe cho hơn 2.100 người cao tuổi,https://dantri.com.vn/tu-van/vinamilk-ho-tro-tu-van-dinh-duong-va-suc-khoe-cho-hon-2-100-nguoi-cao-tuoi-20160302120050158.htm
“nhà nước có rất nhiều chính sách tôn vinh người cao tuổi”,https://dantri.com.vn/xa-hoi/nha-nuoc-co-rat-nhieu-chinh-sach-ton-vinh-nguoi-cao-tuoi-1394188562.htm
người cao tuổi có được cấp lại giấy khai sinh không?,https://dantri.com.vn/ban-doc/nguoi-cao-tuoi-co-duoc-cap-lai-giay-khai-sinh-khong-20210909085829281.htm
"3 mẹo trị ho đêm chuẩn cho người cao tuổi, cứ làm theo là đỡ",https://dantri.com.vn/suc-khoe/3-meo-tri-ho-dem-chuan-cho-nguoi-cao-tuoi-cu-lam-theo-la-do-20190314105708877.htm
khám phá điểm nghỉ dưỡng nâng tầm cuộc sống dành cho người cao tuổi,https://dantri.com.vn/kinh-doanh/kham-pha-diem-nghi-duong-nang-tam-cuoc-song-danh-cho-nguoi-cao-tuoi-20171214124541474.htm
vinamilk tư vấn chăm sóc sức khoẻ cho người cao tuổi hà tĩnh,https://dantri.com.vn/doanh-nghiep/vinamilk-tu-van-cham-soc-suc-khoe-cho-nguoi-cao-tuoi-ha-tinh-1360102738.htm
hà nội: đình chỉ phụ xe buýt “hành” người cao tuổi không có thẻ miễn phí,https://dantri.com.vn/xa-hoi/ha-noi-dinh-chi-phu-xe-buyt-hanh-nguoi-cao-tuoi-khong-co-the-mien-phi-20191115105535547.htm
mở ra câu chuyện dài về vấn đề quan tâm người cao tuổi,https://dantri.com.vn/tu-van/mo-ra-cau-chuyen-dai-ve-van-de-quan-tam-nguoi-cao-tuoi-1318804884.htm
vinamilk tư vấn chăm sóc sức khoẻ cho người cao tuổi khánh hoà,https://dantri.com.vn/doanh-nghiep/vinamilk-tu-van-cham-soc-suc-khoe-cho-nguoi-cao-tuoi-khanh-hoa-1359675728.htm
tphcm: người cao tuổi nhất ứng cử là 74 tuổi,https://dantri.com.vn/xa-hoi/tphcm-nguoi-cao-tuoi-nhat-ung-cu-la-74-tuoi-1301022467.htm
tìm ra loại vi-rút có thể giúp tăng cường miễn dịch cho người cao tuổi,https://dantri.com.vn/khoa-hoc/tim-ra-loai-vi-rut-co-the-giup-tang-cuong-mien-dich-cho-nguoi-cao-tuoi-20180705142127647.htm
ô nhiễm không khí dẫn đến nguy cơ tử vong sớm ở người cao tuổi,https://dantri.com.vn/khoa-hoc/o-nhiem-khong-khi-dan-den-nguy-co-tu-vong-som-o-nguoi-cao-tuoi-20171231074858425.htm
"kingsport mang ""vu lan hạnh phúc"" đến với những người cao tuổi neo đơn tại các viện dưỡng lão",https://dantri.com.vn/doi-song/kingsport-mang-vu-lan-hanh-phuc-den-voi-nhung-nguoi-cao-tuoi-neo-don-tai-cac-vien-duong-lao-20220819155936006.htm
"lohha trí não giúp gì cho người cao tuổi bị teo não, sa sút trí tuệ?",https://dantri.com.vn/suc-khoe/lohha-tri-nao-giup-gi-cho-nguoi-cao-tuoi-bi-teo-nao-sa-sut-tri-tue-20190807065054809.htm
ung thư ở người cao tuổi - đừng từ bỏ cơ hội!,https://dantri.com.vn/suc-khoe/ung-thu-o-nguoi-cao-tuoi-dung-tu-bo-co-hoi-20200724002136908.htm
nhung hươu hỗ trợ sức khỏe người cao tuổi như thế nào?,https://dantri.com.vn/suc-khoe/nhung-huou-ho-tro-suc-khoe-nguoi-cao-tuoi-nhu-the-nao-1412623212.htm
"gần 400 người cao tuổi được chăm sóc sức khoẻ, tư vấn dinh dưỡng",https://dantri.com.vn/doi-song/gan-400-nguoi-cao-tuoi-duoc-cham-soc-suc-khoe-tu-van-dinh-duong-20170607150303995.htm
5 căn bệnh nhiều người cao tuổi dễ mắc,https://dantri.com.vn/tu-van/5-can-benh-nhieu-nguoi-cao-tuoi-de-mac-20161101151016287.htm
chấn động vụ người cao tuổi bị bỏ mặc đến chết trong nhà dưỡng lão ở canada,https://dantri.com.vn/the-gioi/chan-dong-vu-nguoi-cao-tuoi-bi-bo-mac-den-chet-trong-nha-duong-lao-o-canada-20200418142423544.htm
thiết bị thông minh ezviz: cách giúp người cao tuổi sống an nhiên,https://dantri.com.vn/doi-song/thiet-bi-thong-minh-ezviz-cach-giup-nguoi-cao-tuoi-song-an-nhien-20231108073112326.htm
​vinamilk đồng hành tổ chức lễ mừng thọ & chăm sóc sức khỏe cho gần 1.000 người cao tuổi,https://dantri.com.vn/doi-song/vinamilk-dong-hanh-to-chuc-le-mung-tho-cham-soc-suc-khoe-cho-gan-1000-nguoi-cao-tuoi-20171005075219982.htm
tăng cường sức đề kháng cho người cao tuổi - những điều cần lưu ý,https://dantri.com.vn/doi-song/tang-cuong-suc-de-khang-cho-nguoi-cao-tuoi-nhung-dieu-can-luu-y-20161017160620706.htm
3 lưu ý quan trọng trong việc chăm sóc răng miệng ở người cao tuổi,https://dantri.com.vn/suc-khoe/3-luu-y-quan-trong-trong-viec-cham-soc-rang-mieng-o-nguoi-cao-tuoi-20160803091321447.htm
những dược thảo tốt cho gan người cao tuổi,https://dantri.com.vn/suc-khoe/nhung-duoc-thao-tot-cho-gan-nguoi-cao-tuoi-2015122509324189.htm
giải pháp cho tình trạng táo bón ở người cao tuổi,https://dantri.com.vn/tu-van/giai-phap-cho-tinh-trang-tao-bon-o-nguoi-cao-tuoi-1304121031.htm
"vinamilk chăm sóc sức khoẻ người cao tuổi nghệ an, thanh hóa",https://dantri.com.vn/doanh-nghiep/vinamilk-cham-soc-suc-khoe-nguoi-cao-tuoi-nghe-an-thanh-hoa-1376243123.htm
nguyễn thị trà dạy hát tiếng việt cho người cao tuổi nhật bản,https://dantri.com.vn/video/nguyen-thi-tra-day-hat-tieng-viet-cho-nguoi-cao-tuoi-nhat-ban-169764.htm
tổ chức lễ mừng thọ và chăm sóc sức khỏe cho 1.000 người cao tuổi tại tphcm,https://dantri.com.vn/doi-song/to-chuc-le-mung-tho-va-cham-soc-suc-khoe-cho-1000-nguoi-cao-tuoi-tai-tphcm-20160929212650786.htm
người cao tuổi hà nội chỉ cần xuất trình chứng minh thư để đi xe buýt miễn phí,https://dantri.com.vn/xa-hoi/nguoi-cao-tuoi-ha-noi-chi-can-xuat-trinh-chung-minh-thu-de-di-xe-buyt-mien-phi-20190910152214585.htm
10 nguyên tắc ăn uống lành mạnh cho người cao tuổi,https://dantri.com.vn/suc-khoe/10-nguyen-tac-an-uong-lanh-manh-cho-nguoi-cao-tuoi-1302282180.htm
cảnh giác với biểu hiện đau bụng ở người cao tuổi,https://dantri.com.vn/suc-khoe/canh-giac-voi-bieu-hien-dau-bung-o-nguoi-cao-tuoi-20190830115029997.htm
thành lập quỹ chăm sóc người cao tuổi việt nam,https://dantri.com.vn/xa-hoi/thanh-lap-quy-cham-soc-nguoi-cao-tuoi-viet-nam-1159070177.htm
vinamilk tư vấn chăm sóc sức khoẻ cho người cao tuổi đồng nai,https://dantri.com.vn/doanh-nghiep/vinamilk-tu-van-cham-soc-suc-khoe-cho-nguoi-cao-tuoi-dong-nai-1384007865.htm
xác lập kỷ lục “đồng diễn thể dục dưỡng sinh với 5000 người cao tuổi”,https://dantri.com.vn/the-thao/xac-lap-ky-luc-dong-dien-the-duc-duong-sinh-voi-5000-nguoi-cao-tuoi-20170318214817911.htm
vinamilk tư vấn chăm sóc sức khoẻ cho người cao tuổi kiên giang,https://dantri.com.vn/doanh-nghiep/vinamilk-tu-van-cham-soc-suc-khoe-cho-nguoi-cao-tuoi-kien-giang-1382879174.htm
ngày hội sức khỏe người cao tuổi “sống độc lập - sống khỏe vui” thành công rực rỡ.,https://dantri.com.vn/tu-van/ngay-hoi-suc-khoe-nguoi-cao-tuoi-song-doc-lap-song-khoe-vui-thanh-cong-ruc-ro-20161003111544577.htm
vinamilk tư vấn chăm sóc sức khoẻ người cao tuổi tp móng cái,https://dantri.com.vn/doanh-nghiep/vinamilk-tu-van-cham-soc-suc-khoe-nguoi-cao-tuoi-tp-mong-cai-1387906178.htm
giải pháp quan trọng cho người cao tuổi nằm liệt,https://dantri.com.vn/suc-khoe/giai-phap-quan-trong-cho-nguoi-cao-tuoi-nam-liet-20171021212402371.htm
đồng hồ thông minh tích hợp 3g và gps đặc biệt dành cho người cao tuổi,https://dantri.com.vn/cong-nghe/dong-ho-thong-minh-tich-hop-3g-va-gps-dac-biet-danh-cho-nguoi-cao-tuoi-20160521074308999.htm
chính thức có ngày truyền thống người cao tuổi,https://dantri.com.vn/xa-hoi/chinh-thuc-co-ngay-truyen-thong-nguoi-cao-tuoi-1149198884.htm
đặc quyền dành riêng cho cư dân nhí và người cao tuổi tại 6th element,https://dantri.com.vn/nha-dat/dac-quyen-danh-rieng-cho-cu-dan-nhi-va-nguoi-cao-tuoi-tai-6th-element-20180531104137886.htm
"giải pháp nhỏ, thay đổi lớn cho người cao tuổi suy dinh dưỡng",https://dantri.com.vn/suc-khoe/giai-phap-nho-thay-doi-lon-cho-nguoi-cao-tuoi-suy-dinh-duong-20220106142122963.htm
hội khuyến học đồng hành cùng hội người cao tuổi trong phong trào học tập suốt đời,https://dantri.com.vn/giao-duc/hoi-khuyen-hoc-dong-hanh-cung-hoi-nguoi-cao-tuoi-trong-phong-trao-hoc-tap-suot-doi-20180118092724416.htm
tăng chuẩn trợ cấp đối với người cao tuổi lên 180.000 đồng,https://dantri.com.vn/kinh-doanh/tang-chuan-tro-cap-doi-voi-nguoi-cao-tuoi-len-180000-dong-1295710242.htm
đình chỉ vụ án đối với cựu tổng biên tập báo người cao tuổi kim quốc hoa,https://dantri.com.vn/phap-luat/dinh-chi-vu-an-doi-voi-cuu-tong-bien-tap-bao-nguoi-cao-tuoi-kim-quoc-hoa-20161222223504447.htm
"người cao tuổi, khuyết tật ở tp thủ đức được làm cccd tại nhà",https://dantri.com.vn/xa-hoi/nguoi-cao-tuoi-khuyet-tat-o-tp-thu-duc-duoc-lam-cccd-tai-nha-20230527174828916.htm
ngày quốc tế người cao tuổi (1/10): “để không ai cô đơn trong tuổi già”,https://dantri.com.vn/lao-dong-viec-lam/ngay-quoc-te-nguoi-cao-tuoi-110-de-khong-ai-co-don-trong-tuoi-gia-20160930080303693.htm
hơn 1.000 người cao tuổi tìm hiểu luật bảo vệ người tiêu dùng cùng vinamilk,https://dantri.com.vn/thi-truong/hon-1000-nguoi-cao-tuoi-tim-hieu-luat-bao-ve-nguoi-tieu-dung-cung-vinamilk-1436540892.htm
vệ sinh theo cách nhật bản cho người cao tuổi,https://dantri.com.vn/suc-khoe/ve-sinh-theo-cach-nhat-ban-cho-nguoi-cao-tuoi-1422982884.htm
trường đại học dành cho người cao tuổi ở anh,https://dantri.com.vn/doi-song/truong-dai-hoc-danh-cho-nguoi-cao-tuoi-o-anh-1432006648.htm
sẽ tăng mức trợ cấp cho người cao tuổi,https://dantri.com.vn/xa-hoi/se-tang-muc-tro-cap-cho-nguoi-cao-tuoi-1147536458.htm
huyết sâm - dược thảo cho người cao tuổi thiếu máu,https://dantri.com.vn/suc-khoe/huyet-sam-duoc-thao-cho-nguoi-cao-tuoi-thieu-mau-1421817609.htm
người cao tuổi có được đóng bhxh tự nguyện để hưởng lương hưu?,https://dantri.com.vn/lao-dong-viec-lam/nguoi-cao-tuoi-co-duoc-dong-bhxh-tu-nguyen-de-huong-luong-huu-20201122231521933.htm
ăn ngủ ngon bách linh: “cứu cánh” của người cao tuổi,https://dantri.com.vn/tu-van/an-ngu-ngon-bach-linh-cuu-canh-cua-nguoi-cao-tuoi-20160617111804229.htm
bổ sung liệu pháp cười vào các hoạt động thể chất sẽ tốt cho người cao tuổi,https://dantri.com.vn/khoa-hoc/bo-sung-lieu-phap-cuoi-vao-cac-hoat-dong-the-chat-se-tot-cho-nguoi-cao-tuoi-20160925054239101.htm
duyên dáng áo dài tphcm: người cao tuổi nhất từng tham gia là 85 tuổi,https://dantri.com.vn/giai-tri/duyen-dang-ao-dai-tphcm-nguoi-cao-tuoi-nhat-tung-tham-gia-la-85-tuoi-20240310220545907.htm
"phương pháp ""chăm sóc điều dưỡng hỗ trợ tự lập"" dành cho người cao tuổi",https://dantri.com.vn/giao-duc/phuong-phap-cham-soc-dieu-duong-ho-tro-tu-lap-danh-cho-nguoi-cao-tuoi-20230915174930713.htm
nỗi lo của trung quốc khi dự kiến có thêm 100 triệu người cao tuổi,https://dantri.com.vn/the-gioi/noi-lo-cua-trung-quoc-khi-du-kien-co-them-100-trieu-nguoi-cao-tuoi-20230817173132280.htm
"thăm ""ngôi nhà chung"" giúp những người cao tuổi tìm lại nụ cười",https://dantri.com.vn/lao-dong-viec-lam/tham-ngoi-nha-chung-giup-nhung-nguoi-cao-tuoi-tim-lai-nu-cuoi-20200814081052403.htm
vì sao nhiều người cao tuổi vẫn giữ được sự minh mẫn?,https://dantri.com.vn/khoa-hoc/vi-sao-nhieu-nguoi-cao-tuoi-van-giu-duoc-su-minh-man-20171108064540134.htm
geego sure đẩy lùi bệnh thoái hóa hoàng điểm mắt ở người cao tuổi,https://dantri.com.vn/tu-van/geego-sure-day-lui-benh-thoai-hoa-hoang-diem-mat-o-nguoi-cao-tuoi-1349020409.htm
dược phẩm nhất nhất đạt kỷ lục vn “hành trình vì sức khỏe người cao tuổi”,https://dantri.com.vn/doanh-nghiep/duoc-pham-nhat-nhat-dat-ky-luc-vn-hanh-trinh-vi-suc-khoe-nguoi-cao-tuoi-1412968143.htm
lợi ích tuyệt vời của ghế massage với sức khỏe người cao tuổi,https://dantri.com.vn/suc-khoe/loi-ich-tuyet-voi-cua-ghe-massage-voi-suc-khoe-nguoi-cao-tuoi-20190821145624313.htm
vinamilk chung tay nâng cao chất lượng cuộc sống cho người cao tuổi miền bắc,https://dantri.com.vn/doanh-nghiep/vinamilk-chung-tay-nang-cao-chat-luong-cuoc-song-cho-nguoi-cao-tuoi-mien-bac-1370928977.htm
"khám bệnh, phát thuốc miễn phí cho người cao tuổi",https://dantri.com.vn/tu-van/kham-benh-phat-thuoc-mien-phi-cho-nguoi-cao-tuoi-1400498126.htm
người cao tuổi 100 tuổi được chủ tịch nước chúc thọ và tặng quà,https://dantri.com.vn/xa-hoi/nguoi-cao-tuoi-100-tuoi-duoc-chu-tich-nuoc-chuc-tho-va-tang-qua-1298989283.htm
geego sure – món quà quý chăm sóc người cao tuổi,https://dantri.com.vn/tu-van/geego-sure-mon-qua-quy-cham-soc-nguoi-cao-tuoi-1356493587.htm
"khám chữa bệnh tại nhà, bảo vệ người cao tuổi trước dịch covid-19",https://dantri.com.vn/suc-khoe/kham-chua-benh-tai-nha-bao-ve-nguoi-cao-tuoi-truoc-dich-covid-19-20200812124800511.htm
cảnh báo nhiều ca tử vong do sặc thức ăn ở người cao tuổi,https://dantri.com.vn/suc-khoe/canh-bao-nhieu-ca-tu-vong-do-sac-thuc-an-o-nguoi-cao-tuoi-20200505120358006.htm
đến thăm vùng nguyên liệu làm nên sản phẩm nước giải khát made in việt nam đầu tiên dành cho người cao tuổi,https://dantri.com.vn/kinh-doanh/den-tham-vung-nguyen-lieu-lam-nen-san-pham-nuoc-giai-khat-made-in-viet-nam-dau-tien-danh-cho-nguoi-cao-tuoi-20200410135317319.htm
"nghệ an chi trên 13 tỷ đồng hỗ trợ người nghèo, mừng thọ người cao tuổi",https://dantri.com.vn/xa-hoi/nghe-an-chi-tren-13-ty-dong-ho-tro-nguoi-ngheo-mung-tho-nguoi-cao-tuoi-1359005899.htm
"nhật mở rộng ngành nghề lao động, ưu tiên công việc chăm sóc người cao tuổi",https://dantri.com.vn/lao-dong-viec-lam/nhat-mo-rong-nganh-nghe-lao-dong-uu-tien-cong-viec-cham-soc-nguoi-cao-tuoi-20220906170600560.htm
"người cao tuổi châu á muốn làm việc, tiếp tục đóng góp cho xã hội",https://dantri.com.vn/lao-dong-viec-lam/nguoi-cao-tuoi-chau-a-muon-lam-viec-tiep-tuc-dong-gop-cho-xa-hoi-20191001214248805.htm
cảm nhận của những người cao tuổi về tết trong quá khứ và hiện tại,https://dantri.com.vn/van-hoa/cam-nhan-cua-nhung-nguoi-cao-tuoi-ve-tet-trong-qua-khu-va-hien-tai-20210201112233231.htm
"người cao tuổi, mắc nhiều bệnh nền xúc động khi được tiêm vắc xin covid-19",https://dantri.com.vn/xa-hoi/nguoi-cao-tuoi-mac-nhieu-benh-nen-xuc-dong-khi-duoc-tiem-vac-xin-covid19-20210728184112603.htm
người cao tuổi nhất được cứu nhờ quyết định can thiệp tim mạch,https://dantri.com.vn/suc-khoe/nguoi-cao-tuoi-nhat-duoc-cuu-nho-quyet-dinh-can-thiep-tim-mach-20160509094512448.htm
những thực phẩm không có lợi cho sức khỏe người cao tuổi,https://dantri.com.vn/tu-van/nhung-thuc-pham-khong-co-loi-cho-suc-khoe-nguoi-cao-tuoi-1400380711.htm
sở vhttdl hải phòng cấp phép karaoke “tra tấn” người cao tuổi!,https://dantri.com.vn/van-hoa/so-vhttdl-hai-phong-cap-phep-karaoke-tra-tan-nguoi-cao-tuoi-20150914103515154.htm
"hà nội: người cao tuổi, có bệnh nền được ưu tiên tiêm vắc xin covid-19",https://dantri.com.vn/suc-khoe/ha-noi-nguoi-cao-tuoi-co-benh-nen-duoc-uu-tien-tiem-vac-xin-covid19-20210903151933028.htm
"thủ tướng: tiêm phòng ngay người cao tuổi, có bệnh nền, yêu cầu dân ""ở yên""",https://dantri.com.vn/xa-hoi/thu-tuong-tiem-phong-ngay-nguoi-cao-tuoi-co-benh-nen-yeu-cau-dan-o-yen-20210806082556267.htm
vinamilk sure prevent đồng hành cùng phong trào rèn luyện sức khoẻ người cao tuổi,https://dantri.com.vn/doi-song/vinamilk-sure-prevent-dong-hanh-cung-phong-trao-ren-luyen-suc-khoe-nguoi-cao-tuoi-20180524072502883.htm
tầm soát và điều trị bệnh lý tim mạch ở người cao tuổi,https://dantri.com.vn/suc-khoe/tam-soat-va-dieu-tri-benh-ly-tim-mach-o-nguoi-cao-tuoi-1411555391.htm
mỗi người cao tuổi sống tại cộng đồng mắc 3 bệnh mạn tính,https://dantri.com.vn/suc-khoe/moi-nguoi-cao-tuoi-song-tai-cong-dong-mac-3-benh-man-tinh-1412390181.htm
chế độ dinh dưỡng và thuốc men hợp với người cao tuổi,https://dantri.com.vn/suc-khoe/che-do-dinh-duong-va-thuoc-men-hop-voi-nguoi-cao-tuoi-1349461000.htm
tiêm phòng cúm hàng năm ở người cao tuổi làm giảm nguy cơ tử vong,https://dantri.com.vn/khoa-hoc/tiem-phong-cum-hang-nam-o-nguoi-cao-tuoi-lam-giam-nguy-co-tu-vong-20180202070744145.htm
cách nào giảm thiểu rủi ro cho người cao tuổi bị bệnh khớp?,https://dantri.com.vn/suc-khoe/cach-nao-giam-thieu-rui-ro-cho-nguoi-cao-tuoi-bi-benh-khop-1398735017.htm
đau tim có thể là dấu hiệu sớm của bệnh ung thư ở người cao tuổi,https://dantri.com.vn/suc-khoe/dau-tim-co-the-la-dau-hieu-som-cua-benh-ung-thu-o-nguoi-cao-tuoi-20181223063506148.htm
nòng cốt trong phong trào toàn dân chăm sóc người cao tuổi,https://dantri.com.vn/xa-hoi/nong-cot-trong-phong-trao-toan-dan-cham-soc-nguoi-cao-tuoi-1349461188.htm
4 nội dung hợp tác quan trọng giữa hội khvn và hội người cao tuổi,https://dantri.com.vn/giao-duc/4-noi-dung-hop-tac-quan-trong-giua-hoi-khvn-va-hoi-nguoi-cao-tuoi-1169289843.htm
ưu tiên thủ tục hàng không cho gia đình có trẻ em và người cao tuổi,https://dantri.com.vn/doi-song/uu-tien-thu-tuc-hang-khong-cho-gia-dinh-co-tre-em-va-nguoi-cao-tuoi-20180602073611038.htm
dinh dưỡng cho vấn đề suy giảm trí nhớ ở người cao tuổi,https://dantri.com.vn/tu-van/dinh-duong-cho-van-de-suy-giam-tri-nho-o-nguoi-cao-tuoi-1376181173.htm
bộ công an khởi tố vụ án liên quan đến báo người cao tuổi,https://dantri.com.vn/xa-hoi/bo-cong-an-khoi-to-vu-an-lien-quan-den-bao-nguoi-cao-tuoi-1424136154.htm
người cao tuổi nhất thế giới thượng thọ 115 tuổi,https://dantri.com.vn/doi-song/nguoi-cao-tuoi-nhat-the-gioi-thuong-tho-115-tuoi-1208864540.htm
xuất hiện người đàn ông có thể sẽ soán ngôi vị người cao tuổi nhất thế giới,https://dantri.com.vn/doi-song/xuat-hien-nguoi-dan-ong-co-the-se-soan-ngoi-vi-nguoi-cao-tuoi-nhat-the-gioi-20191010085711753.htm
"bộ y tế: ưu tiên vắc xin cho lực lượng y tế, người cao tuổi, có bệnh nền",https://dantri.com.vn/suc-khoe/bo-y-te-uu-tien-vac-xin-cho-luc-luong-y-te-nguoi-cao-tuoi-co-benh-nen-20210828132938204.htm
du lịch tự túc không dành cho gia đình có con nhỏ và người cao tuổi,https://dantri.com.vn/du-lich/du-lich-tu-tuc-khong-danh-cho-gia-dinh-co-con-nho-va-nguoi-cao-tuoi-20180512203902959.htm
sẽ hỗ trợ phụng dưỡng cặp vợ chồng người cao tuổi chỉ có con gái?,https://dantri.com.vn/suc-khoe/se-ho-tro-phung-duong-cap-vo-chong-nguoi-cao-tuoi-chi-co-con-gai-20150928115456163.htm
chiết xuất từ mầm bông cải xanh - tốt cho sức khỏe cho người cao tuổi,https://dantri.com.vn/suc-khoe/chiet-xuat-tu-mam-bong-cai-xanh-tot-cho-suc-khoe-cho-nguoi-cao-tuoi-20151123202539862.htm
người cao tuổi nhất thế giới qua đời ở tuổi 115,https://dantri.com.vn/the-gioi/nguoi-cao-tuoi-nhat-the-gioi-qua-doi-o-tuoi-115-1231139058.htm
các yếu tố nguy cơ dẫn tới thiếu máu não ở người cao tuổi,https://dantri.com.vn/suc-khoe/cac-yeu-to-nguy-co-dan-toi-thieu-mau-nao-o-nguoi-cao-tuoi-1382277002.htm
đồng diễn thể dục dưỡng sinh có số lượng người cao tuổi tham gia đông nhất,https://dantri.com.vn/the-thao-trong-nuoc/dong-dien-the-duc-duong-sinh-co-so-luong-nguoi-cao-tuoi-tham-gia-dong-nhat-20170120125658976.htm
"nơi sống lý tưởng cho người cao tuổi giữa thủ đô: gần con gần cháu, gần cả thiên nhiên",https://dantri.com.vn/bat-dong-san/noi-song-ly-tuong-cho-nguoi-cao-tuoi-giua-thu-do-gan-con-gan-chau-gan-ca-thien-nhien-20210604140908224.htm
cụ bà israel soán ngôi người cao tuổi nhất thế giới?,https://dantri.com.vn/doi-song/cu-ba-israel-soan-ngoi-nguoi-cao-tuoi-nhat-the-gioi-1203526213.htm
công ty dược phẩm tâm bình quan tâm tới sức khỏe người cao tuổi,https://dantri.com.vn/tu-van/cong-ty-duoc-pham-tam-binh-quan-tam-toi-suc-khoe-nguoi-cao-tuoi-1350070620.htm
"""hành trình nhân ái 2022"" gửi tặng 40.000 máy đo huyết áp đến người cao tuổi trên khắp cả nước",https://dantri.com.vn/doi-song/hanh-trinh-nhan-ai-2022-gui-tang-40000-may-do-huyet-ap-den-nguoi-cao-tuoi-tren-khap-ca-nuoc-20220114090205939.htm
người cao tuổi có thể dựa vào tập thể dục để giảm thiểu sự ốm yếu tàn tật,https://dantri.com.vn/khoa-hoc/nguoi-cao-tuoi-co-the-dua-vao-tap-the-duc-de-giam-thieu-su-om-yeu-tan-tat-20180124065035155.htm
hội diễn thể dục dưỡng sinh - hoạt động ý nghĩa của người cao tuổi,https://dantri.com.vn/tu-van/hoi-dien-the-duc-duong-sinh-hoat-dong-y-nghia-cua-nguoi-cao-tuoi-1293299037.htm
100.000 suất khám bệnh miễn phí - món quà thiết thực dành cho người cao tuổi,https://dantri.com.vn/tu-van/100000-suat-kham-benh-mien-phi-mon-qua-thiet-thuc-danh-cho-nguoi-cao-tuoi-1334581967.htm
ai mới đích thực là “người cao tuổi nhất thế giới”?,https://dantri.com.vn/doi-song/ai-moi-dich-thuc-la-nguoi-cao-tuoi-nhat-the-gioi-1152296426.htm
phổ biến kiến thức về xương khớp cho hơn 200 người cao tuổi tại vietnam medi-pharm 2016,https://dantri.com.vn/tu-van/pho-bien-kien-thuc-ve-xuong-khop-cho-hon-200-nguoi-cao-tuoi-tai-vietnam-medi-pharm-2016-20160513145919578.htm
"cần nỗ lực để vai trò và sự đóng góp của người cao tuổi được ghi nhận, hỗ trợ",https://dantri.com.vn/phong-su-tre/can-no-luc-de-vai-tro-va-su-dong-gop-cua-nguoi-cao-tuoi-duoc-ghi-nhan-ho-tro-2015111623230448.htm
ăn ít muối có thể rất nguy hiểm cho người cao tuổi,https://dantri.com.vn/suc-khoe/an-it-muoi-co-the-rat-nguy-hiem-cho-nguoi-cao-tuoi-1117259999.htm
suy giảm thị lực dẫn đến mù lòa ở người cao tuổi: nguyên nhân và giải pháp,https://dantri.com.vn/tu-van/suy-giam-thi-luc-dan-den-mu-loa-o-nguoi-cao-tuoi-nguyen-nhan-va-giai-phap-1288621524.htm
tphcm già hóa dân số,https://dantri.com.vn/xa-hoi/tphcm-gia-hoa-dan-so-20250107155219168.htm
nền kinh tế cho người già,https://dantri.com.vn/tam-diem/nen-kinh-te-cho-nguoi-gia-20241001084522604.htm
đô thị sun group hà nam: món quà tình thân giá trị cho mẹ cha an hưởng tuổi già,https://dantri.com.vn/bat-dong-san/do-thi-sun-group-ha-nam-mon-qua-tinh-than-gia-tri-cho-me-cha-an-huong-tuoi-gia-20241121112356371.htm
"từ chuyện mức phí ""nhà già"" và khả năng chi trả của người già",https://dantri.com.vn/tam-diem/tu-chuyen-muc-phi-nha-gia-va-kha-nang-chi-tra-cua-nguoi-gia-20240805005115399.htm
"hành trình tìm lại đôi mắt sáng, khỏe mạnh của cụ ông 77 tuổi",https://dantri.com.vn/suc-khoe/hanh-trinh-tim-lai-doi-mat-sang-khoe-manh-cua-cu-ong-77-tuoi-20241021213951699.htm
