index,link,lang
0,https://vietcetera.com/vn/silver-economy-khi-nguoi-cao-tuoi-ap-dao-thi-truong,vie
1,https://vtv.vn/goc-doanh-nghiep/co-hoi-trong-nen-kinh-te-bac-20241011162213178.htm,vie
2,https://vneconomy.vn/phat-trien-nen-kinh-te-bac-10-goi-mo-cho-viet-nam.htm,vie
3,https://theleader.vn/viet-nam-chuan-bi-gi-cho-nen-kinh-te-bac-d4182.html,vie
4,https://e.vnexpress.net/news/life/trend/the-irony-of-seniors-playing-around-with-social-media-4199798.html,eng
5,https://tuoitrenews.vn/news/society/20241212/can-vietnam-afford-its-elderly/83363.html,eng
6,https://en.vietnamplus.vn/vietnam-cares-for-elderly-population-post132794.vnp,eng
8,https://vietnamnet.vn/en/the-elderly-and-social-networks-810677.html,eng
9,https://en.nhandan.vn/chinh-sach-cham-soc-nguoi-cao-tuoi-567890.html,vie
10,https://nhandan.vn/hop-tac-cai-thien-kha-nang-tiep-can-dinh-duong-va-cham-soc-suc-khoe-cho-nguoi-cao-tuoi-tai-viet-nam-post862160.html,vie
11,https://nhandan.vn/co-hoi-tu-nen-kinh-te-bac-post850695.html,vie
12,https://nhandan.vn/khoi-mo-tiem-nang-nen-kinh-te-bac-post850322.html,vie
13,https://nhandan.vn/chu-tich-nuoc-luong-cuong-khi-nhac-den-phu-nu-nguoi-cao-tuoi-chung-ta-luon-tran-trong-va-tu-hao-post848937.html,vie
14,https://nhandan.vn/von-trong-dan-khoi-thong-san-xuat-post864103.html,vie
15,https://nhandan.vn/gop-phan-lam-tang-muc-sinh-thay-the-tai-viet-nam-post863403.html,vie
16,https://www.vietnamplus.vn/chu-tich-nuoc-luong-cuong-phu-nu-viet-nam-tiep-tuc-lam-rang-danh-dat-viet-post999469.vnp,vie
17,https://www.vietnamplus.vn/tao-co-hoi-de-nguoi-cao-tuoi-tham-gia-nhieu-hon-vao-hoat-dong-kinh-te-xa-hoi-post988176.vnp,vie
18,https://www.vietnamplus.vn/chuyen-doi-so-xanh-hanh-trinh-tien-phong-cua-vi-doanh-nhan-81-tuoi-post982961.vnp,vie
19,https://www.vietnamplus.vn/thach-thuc-tu-con-song-bac-doi-voi-cac-nen-kinh-te-chau-a-post930607.vnp,vie
20,https://www.vietnamplus.vn/bung-no-dich-vu-day-hoc-cho-nguoi-cao-tuoi-o-trung-quoc-post935201.vnp,vie
21,https://www.vietnamplus.vn/trung-quoc-trien-khai-bien-phap-gia-tang-ty-le-sinh-va-ho-tro-nguoi-cao-tuoi-post930935.vnp,vie
22,https://vnexpress.net/nen-kinh-te-bac-dua-vao-nguoi-gia-cua-singapore-4672010.html,vie
23,https://vnexpress.net/khach-hang-gia-va-giau-4752721.html,vie
24,https://vnexpress.net/kinh-te-toc-bac-phat-trien-o-trung-quoc-4821913.html,vie
25,https://vnexpress.net/thi-diem-mo-hinh-nguoi-gia-khoi-nghiep-thu-gom-phan-loai-rac-4852519.html,vie
26,https://vnexpress.net/de-xuat-nguoi-cao-tuoi-duoc-vay-von-tao-viec-lam-4726258.html,vie
27,https://tuoitre.vn/kinh-te-bac-o-dong-nam-a-20240607002443106.htm,vie
28,https://tuoitre.vn/dan-so-gia-di-singapore-lai-thay-la-co-hoi-tang-truong-20211101092258926.htm,vie
29,https://tuoitre.vn/tai-sao-can-tro-cap-cho-nguoi-gia-khong-co-luong-huu-20250215150523283.htm,vie
30,https://tuoitre.vn/thuc-pham-chuc-nang-quang-cao-sai-su-that-dang-nham-den-nguoi-cao-tuoi-20241207214257351.htm,vie
31,https://tuoitre.vn/nguoi-tren-75-tuoi-se-duoc-huong-tro-cap-huu-tri-the-nao-20240630143812299.htm,vie
32,https://tuoitre.vn/tp-hcm-de-xuat-mien-phi-di-metro-so-1-cho-5-nhom-doi-tuong-20241121195509084.htm,vie
33,https://tuoitre.vn/pho-bi-thu-thanh-uy-tp-hcm-nguyen-phuoc-loc-nguoi-cao-tuoi-la-von-quy-cua-gia-dinh-va-xa-hoi-20240606122227602.htm,vie
34,https://tuoitre.vn/7-trieu-trong-tong-so-17-trieu-nguoi-cao-tuoi-van-tham-gia-lao-dong-20231116165404195.htm,vie
35,https://tuoitre.vn/tro-cap-som-hon-cho-nguoi-gia-20230611084948346.htm,vie
36,https://www.tapchicongsan.org.vn/web/guest/van_hoa_xa_hoi/-/2018/825736/vai-tro-va-thach-thuc-doi-voi-nguoi-cao-tuoi-trong-boi-canh-gia-hoa-dan-so-o-viet-nam---mot-so-ham-y-chinh-sach.aspx?utm_source=chatgpt.com,vie
37,https://smot.bvhttdl.gov.vn/xay-dung-van-hoa-ung-xu-voi-nguoi-cao-tuoi-trong-gia-dinh-hien-nay,vie
38,https://tuoitre.vn/tp-hcm-khuyen-khich-thanh-lap-cac-trung-tam-cung-cap-dich-vu-duong-lao-20220512173830916.htm,vie
39,https://tuoitre.vn/10-nam-tro-cap-nguoi-cao-tuoi-tang-gap-4-lan-20220401112522987.htm,vie
40,https://tuoitre.vn/nguoi-cao-tuoi-viet-nam-xay-dung-mo-hinh-xanh-bao-ve-moi-truong-2022033018242606.htm,vie
41,https://tuoitre.vn/bao-dam-nguoi-cao-tuoi-co-co-hoi-huong-thu-cac-thanh-qua-phat-trien-20201026114454146.htm,vie
42,https://tuoitre.vn/nhat-ban-bat-den-xanh-cho-ung-vien-lam-dieu-duong-cham-soc-nguoi-cao-tuoi-20220907172907819.htm,vie
43,https://tuoitrenews.vn/news/education/20240515/vietnamese-students-create-robot-for-elderly-assistance/79883.html,vie
44,https://quangninh.gov.vn/chuyen-de/dichcorona/Trang/ChiTietTinTuc.aspx?nid=145217&utm_source=chatgpt.com,vie
45,https://btxh.molisa.gov.vn/danh-muc-tin/chinh-sach-btxh/sinh-ke-va-khoi-nghiep-doi-voi-nguoi-cao-tuoi_t114c37n1519,vie
46,https://vietnamnews.vn/economy/1657573/the-silver-economy-a-billion-dollar-market-in-viet-nam.html,eng
47,https://english.news.cn/asiapacific/20240617/c3bda07cbe8c4a98a7907ed3dde31feb/c.html,eng
50,https://vov2.vov.vn/nguoi-cao-tuoi/nguoi-cao-tuoi-nguon-luc-noi-sinh-chua-duoc-phat-huy-36901.vov2?utm_source=chatgpt.com,vie
52,https://www.tuyengiao.vn/phat-huy-vai-tro-cua-nguoi-cao-tuoi-trong-xay-dung-khoi-dai-doan-ket-toan-dan-toc-tao-dong-luc-gop-phan-hien-thuc-153759,vie
53,https://vietnamnews.vn/talk-around-town/348776/senior-citizens-have-more-time-less-entertainment.html,eng
54,https://vietnamnews.vn/society/1517745/elderly-vietnamese-struggle-with-multiple-diseases-and-short-healthy-lifespan.html,eng
55,https://vietnamnet.vn/en/elderly-vietnamese-struggle-with-multiple-diseases-and-short-healthy-lifespan-2130833.html,eng
56,https://cvdvn.net/2024/01/14/the-reality-of-elderly-poverty-in-vietnam/,eng
57,https://vietnam.unfpa.org/en/topics/ageing-6,eng
58,https://vietnam.vnanet.vn/english/tin-van/vietnam-faces-challenges-of-aging-society-316541.html,eng
59,https://vietnamnews.vn/society/1595528/challenges-in-promoting-employment-among-urban-elderly.html,eng
60,https://vnexpress.net/song-voi-bo-me-gia-4724717.html,vie
61,https://vnexpress.net/tre-cay-cha-gia-cay-ai-4660984.html,vie
62,https://vnexpress.net/gia-cay-vien-duong-lao-4718713.html,vie
63,https://vnexpress.net/giup-viec-cho-con-4526015.html,vie
64,https://vnexpress.net/nguoi-gia-ai-nuoi-4860084.html,vie
65,https://vnexpress.net/nguoi-gia-di-tim-viec-4854062.html,vie
66,https://vnexpress.net/nguoi-gia-bon-khong-4828463.html,vie
67,https://vnexpress.net/tra-luong-cho-nguoi-gia-4772632.html,vie
68,https://vnexpress.net/trung-nien-nen-tich-luy-thay-vi-co-canh-tranh-voi-nguoi-tre-4221748.html,vie
69,https://vnexpress.net/the-cua-duoi-cua-lao-dong-trung-nien-4726793.html?utm_source=chatgpt.com,vie
70,https://vnexpress.net/that-nghiep-ac-mong-cua-phu-nu-trung-nien-4212235.html,vie