,topics
0,Vai trò và công việc của người cao tuổi trong gia đình và xã hội
1,Vai trò và công việc của người cao tuổi trong gia đình và xã hội
2,Vai trò và công việc của người cao tuổi trong gia đình và xã hội
3,Vai trò và công việc của người cao tuổi trong gia đình và xã hội
4,"Các thách thức, khó khăn, và nhu cầu của người cao tuổi"
5,Vai trò và công việc của người cao tuổi trong gia đình và xã hội
6,Vai trò và công việc của người cao tuổi trong gia đình và xã hội
7,Vai trò và công việc của người cao tuổi trong gia đình và xã hội
8,Vai trò và công việc của người cao tuổi trong gia đình và xã hội
9,Vai trò và công việc của người cao tuổi trong gia đình và xã hội
10,Chính sách của nhà nước với người cao tuổi
11,Chính sách của nhà nước với người cao tuổi
12,"Các thách thức, khó khăn, và nhu cầu của người cao tuổi"
13,"Các thách thức, khó khăn, và nhu cầu của người cao tuổi"
14,"Các thách thức, khó khăn, và nhu cầu của người cao tuổi"
15,Chính sách của nhà nước với người cao tuổi
16,Chính sách của nhà nước với người cao tuổi
17,"Các thách thức, khó khăn, và nhu cầu của người cao tuổi"
18,Vai trò và công việc của người cao tuổi trong gia đình và xã hội
19,Chính sách của nhà nước với người cao tuổi
20,Vai trò và công việc của người cao tuổi trong gia đình và xã hội
21,Chính sách của nhà nước với người cao tuổi
22,Vai trò và công việc của người cao tuổi trong gia đình và xã hội
23,"Các thách thức, khó khăn, và nhu cầu của người cao tuổi"
24,Vai trò và công việc của người cao tuổi trong gia đình và xã hội
25,Vai trò và công việc của người cao tuổi trong gia đình và xã hội
26,Vai trò và công việc của người cao tuổi trong gia đình và xã hội
27,Chính sách của nhà nước với người cao tuổi
28,Vai trò và công việc của người cao tuổi trong gia đình và xã hội
29,Vai trò và công việc của người cao tuổi trong gia đình và xã hội
30,Vai trò và công việc của người cao tuổi trong gia đình và xã hội
31,Vai trò và công việc của người cao tuổi trong gia đình và xã hội
32,Vai trò và công việc của người cao tuổi trong gia đình và xã hội
33,Vai trò và công việc của người cao tuổi trong gia đình và xã hội
34,"Các thách thức, khó khăn, và nhu cầu của người cao tuổi"
35,Chính sách của nhà nước với người cao tuổi
36,Chính sách của nhà nước với người cao tuổi
37,Chính sách của nhà nước với người cao tuổi
38,Chính sách của nhà nước với người cao tuổi
39,Chính sách của nhà nước với người cao tuổi
40,Chính sách của nhà nước với người cao tuổi
41,"Các thách thức, khó khăn, và nhu cầu của người cao tuổi"
42,Chính sách của nhà nước với người cao tuổi
43,Chính sách của nhà nước với người cao tuổi
44,Chính sách của nhà nước với người cao tuổi
45,Vai trò và công việc của người cao tuổi trong gia đình và xã hội
46,Vai trò và công việc của người cao tuổi trong gia đình và xã hội
47,Vai trò và công việc của người cao tuổi trong gia đình và xã hội
48,Vai trò và công việc của người cao tuổi trong gia đình và xã hội
49,Vai trò và công việc của người cao tuổi trong gia đình và xã hội
50,Vai trò và công việc của người cao tuổi trong gia đình và xã hội
51,Chính sách của nhà nước với người cao tuổi
52,Vai trò và công việc của người cao tuổi trong gia đình và xã hội
53,Vai trò và công việc của người cao tuổi trong gia đình và xã hội
54,"Các thách thức, khó khăn, và nhu cầu của người cao tuổi"
55,Vai trò và công việc của người cao tuổi trong gia đình và xã hội
56,Chính sách của nhà nước với người cao tuổi
57,Chính sách của nhà nước với người cao tuổi
58,Chính sách của nhà nước với người cao tuổi
59,Khác
60,Vai trò và công việc của người cao tuổi trong gia đình và xã hội
61,Vai trò và công việc của người cao tuổi trong gia đình và xã hội
62,Chính sách của nhà nước với người cao tuổi
63,Chính sách của nhà nước với người cao tuổi
64,Chính sách của nhà nước với người cao tuổi
65,Chính sách của nhà nước với người cao tuổi
66,Vai trò và công việc của người cao tuổi trong gia đình và xã hội
67,Vai trò và công việc của người cao tuổi trong gia đình và xã hội
68,Vai trò và công việc của người cao tuổi trong gia đình và xã hội
69,Vai trò và công việc của người cao tuổi trong gia đình và xã hội
70,Chính sách của nhà nước với người cao tuổi
71,Vai trò và công việc của người cao tuổi trong gia đình và xã hội
72,Chính sách của nhà nước với người cao tuổi
73,Vai trò và công việc của người cao tuổi trong gia đình và xã hội
74,Vai trò và công việc của người cao tuổi trong gia đình và xã hội
75,Vai trò và công việc của người cao tuổi trong gia đình và xã hội
76,Vai trò và công việc của người cao tuổi trong gia đình và xã hội
77,Vai trò và công việc của người cao tuổi trong gia đình và xã hội
78,Vai trò và công việc của người cao tuổi trong gia đình và xã hội
79,Chính sách của nhà nước với người cao tuổi
80,Chính sách của nhà nước với người cao tuổi
81,Vai trò và công việc của người cao tuổi trong gia đình và xã hội
82,Vai trò và công việc của người cao tuổi trong gia đình và xã hội
83,Vai trò và công việc của người cao tuổi trong gia đình và xã hội
84,Vai trò và công việc của người cao tuổi trong gia đình và xã hội
85,Vai trò và công việc của người cao tuổi trong gia đình và xã hội
86,"Các thách thức, khó khăn, và nhu cầu của người cao tuổi"
87,Vai trò và công việc của người cao tuổi trong gia đình và xã hội
88,Chính sách của nhà nước với người cao tuổi
89,Chính sách của nhà nước với người cao tuổi
90,Vai trò và công việc của người cao tuổi trong gia đình và xã hội
91,Vai trò và công việc của người cao tuổi trong gia đình và xã hội
92,Chính sách của nhà nước với người cao tuổi
93,Vai trò và công việc của người cao tuổi trong gia đình và xã hội
94,"Các thách thức, khó khăn, và nhu cầu của người cao tuổi"
95,Chính sách của nhà nước với người cao tuổi
96,Vai trò và công việc của người cao tuổi trong gia đình và xã hội
97,Chính sách của nhà nước với người cao tuổi
98,Chính sách của nhà nước với người cao tuổi
99,Chính sách của nhà nước với người cao tuổi
100,Vai trò và công việc của người cao tuổi trong gia đình và xã hội
101,Chính sách của nhà nước với người cao tuổi
102,Chính sách của nhà nước với người cao tuổi
103,Chính sách của nhà nước với người cao tuổi
104,Chính sách của nhà nước với người cao tuổi
105,Chính sách của nhà nước với người cao tuổi
106,Chính sách của nhà nước với người cao tuổi
107,Vai trò và công việc của người cao tuổi trong gia đình và xã hội
108,Vai trò và công việc của người cao tuổi trong gia đình và xã hội
109,Chính sách của nhà nước với người cao tuổi
110,Khác
111,Chính sách của nhà nước với người cao tuổi
112,Chính sách của nhà nước với người cao tuổi
113,Chính sách của nhà nước với người cao tuổi
114,Chính sách của nhà nước với người cao tuổi
115,Chính sách của nhà nước với người cao tuổi
116,Chính sách của nhà nước với người cao tuổi
117,Chính sách của nhà nước với người cao tuổi
118,Chính sách của nhà nước với người cao tuổi
119,"Các thách thức, khó khăn, và nhu cầu của người cao tuổi"
120,Vai trò và công việc của người cao tuổi trong gia đình và xã hội
121,Chính sách của nhà nước với người cao tuổi
122,Vai trò và công việc của người cao tuổi trong gia đình và xã hội
123,Chính sách của nhà nước với người cao tuổi
124,Chính sách của nhà nước với người cao tuổi
125,Chính sách của nhà nước với người cao tuổi
126,Vai trò và công việc của người cao tuổi trong gia đình và xã hội
127,Vai trò và công việc của người cao tuổi trong gia đình và xã hội
128,Chính sách của nhà nước với người cao tuổi
129,Chính sách của nhà nước với người cao tuổi
130,Vai trò và công việc của người cao tuổi trong gia đình và xã hội
131,Vai trò và công việc của người cao tuổi trong gia đình và xã hội
132,Vai trò và công việc của người cao tuổi trong gia đình và xã hội
133,Chính sách của nhà nước với người cao tuổi
134,Chính sách của nhà nước với người cao tuổi
135,Chính sách của nhà nước với người cao tuổi
136,Vai trò và công việc của người cao tuổi trong gia đình và xã hội
137,Vai trò và công việc của người cao tuổi trong gia đình và xã hội
138,Vai trò và công việc của người cao tuổi trong gia đình và xã hội
139,Chính sách của nhà nước với người cao tuổi
140,Vai trò và công việc của người cao tuổi trong gia đình và xã hội
141,Vai trò và công việc của người cao tuổi trong gia đình và xã hội
142,Chính sách của nhà nước với người cao tuổi
143,Chính sách của nhà nước với người cao tuổi
144,Chính sách của nhà nước với người cao tuổi
145,Vai trò và công việc của người cao tuổi trong gia đình và xã hội
146,Chính sách của nhà nước với người cao tuổi
147,Chính sách của nhà nước với người cao tuổi
148,Chính sách của nhà nước với người cao tuổi
149,"Các thách thức, khó khăn, và nhu cầu của người cao tuổi"
150,Vai trò và công việc của người cao tuổi trong gia đình và xã hội
151,Vai trò và công việc của người cao tuổi trong gia đình và xã hội
152,Vai trò và công việc của người cao tuổi trong gia đình và xã hội
153,Chính sách của nhà nước với người cao tuổi
154,Chính sách của nhà nước với người cao tuổi
155,Chính sách của nhà nước với người cao tuổi
156,Chính sách của nhà nước với người cao tuổi
157,Vai trò và công việc của người cao tuổi trong gia đình và xã hội
158,"Các thách thức, khó khăn, và nhu cầu của người cao tuổi"
159,Chính sách của nhà nước với người cao tuổi
160,Chính sách của nhà nước với người cao tuổi
161,Chính sách của nhà nước với người cao tuổi
162,Chính sách của nhà nước với người cao tuổi
163,Vai trò và công việc của người cao tuổi trong gia đình và xã hội
164,Chính sách của nhà nước với người cao tuổi
165,Vai trò và công việc của người cao tuổi trong gia đình và xã hội
166,"Các thách thức, khó khăn, và nhu cầu của người cao tuổi"
167,Chính sách của nhà nước với người cao tuổi
168,Chính sách của nhà nước với người cao tuổi
169,Vai trò và công việc của người cao tuổi trong gia đình và xã hội
170,Vai trò và công việc của người cao tuổi trong gia đình và xã hội
171,Vai trò và công việc của người cao tuổi trong gia đình và xã hội
172,Vai trò và công việc của người cao tuổi trong gia đình và xã hội
173,Chính sách của nhà nước với người cao tuổi
174,Vai trò và công việc của người cao tuổi trong gia đình và xã hội
175,Chính sách của nhà nước với người cao tuổi
176,Vai trò và công việc của người cao tuổi trong gia đình và xã hội
177,Vai trò và công việc của người cao tuổi trong gia đình và xã hội
178,Vai trò và công việc của người cao tuổi trong gia đình và xã hội
179,Chính sách của nhà nước với người cao tuổi
180,Vai trò và công việc của người cao tuổi trong gia đình và xã hội
181,Vai trò và công việc của người cao tuổi trong gia đình và xã hội
182,Chính sách của nhà nước với người cao tuổi
183,Khác
184,Vai trò và công việc của người cao tuổi trong gia đình và xã hội
185,"Các thách thức, khó khăn, và nhu cầu của người cao tuổi"
186,Chính sách của nhà nước với người cao tuổi
187,Vai trò và công việc của người cao tuổi trong gia đình và xã hội
188,Chính sách của nhà nước với người cao tuổi
189,Chính sách của nhà nước với người cao tuổi
190,Vai trò và công việc của người cao tuổi trong gia đình và xã hội
191,Vai trò và công việc của người cao tuổi trong gia đình và xã hội
192,Vai trò và công việc của người cao tuổi trong gia đình và xã hội
193,Vai trò và công việc của người cao tuổi trong gia đình và xã hội
194,Chính sách của nhà nước với người cao tuổi
195,"Các thách thức, khó khăn, và nhu cầu của người cao tuổi"
196,Chính sách của nhà nước với người cao tuổi
197,Chính sách của nhà nước với người cao tuổi
198,Chính sách của nhà nước với người cao tuổi
199,Vai trò và công việc của người cao tuổi trong gia đình và xã hội
200,Vai trò và công việc của người cao tuổi trong gia đình và xã hội
201,Vai trò và công việc của người cao tuổi trong gia đình và xã hội
202,Chính sách của nhà nước với người cao tuổi
203,Chính sách của nhà nước với người cao tuổi
204,"Các thách thức, khó khăn, và nhu cầu của người cao tuổi"
205,Chính sách của nhà nước với người cao tuổi
206,Chính sách của nhà nước với người cao tuổi
207,Chính sách của nhà nước với người cao tuổi
208,"Các thách thức, khó khăn, và nhu cầu của người cao tuổi"
209,Chính sách của nhà nước với người cao tuổi
210,Vai trò và công việc của người cao tuổi trong gia đình và xã hội
211,Chính sách của nhà nước với người cao tuổi
212,Chính sách của nhà nước với người cao tuổi
213,Chính sách của nhà nước với người cao tuổi
214,Chính sách của nhà nước với người cao tuổi
215,Chính sách của nhà nước với người cao tuổi
216,"Các thách thức, khó khăn, và nhu cầu của người cao tuổi"
217,Chính sách của nhà nước với người cao tuổi
218,Chính sách của nhà nước với người cao tuổi
219,Chính sách của nhà nước với người cao tuổi
220,Chính sách của nhà nước với người cao tuổi
221,Vai trò và công việc của người cao tuổi trong gia đình và xã hội
222,Chính sách của nhà nước với người cao tuổi
223,Chính sách của nhà nước với người cao tuổi
224,Chính sách của nhà nước với người cao tuổi
225,Vai trò và công việc của người cao tuổi trong gia đình và xã hội
226,Chính sách của nhà nước với người cao tuổi
227,Vai trò và công việc của người cao tuổi trong gia đình và xã hội
228,Chính sách của nhà nước với người cao tuổi
229,Vai trò và công việc của người cao tuổi trong gia đình và xã hội
230,Chính sách của nhà nước với người cao tuổi
231,"Các thách thức, khó khăn, và nhu cầu của người cao tuổi"
232,Chính sách của nhà nước với người cao tuổi
233,Vai trò và công việc của người cao tuổi trong gia đình và xã hội
234,Vai trò và công việc của người cao tuổi trong gia đình và xã hội
235,Vai trò và công việc của người cao tuổi trong gia đình và xã hội
236,"Các thách thức, khó khăn, và nhu cầu của người cao tuổi"
237,Chính sách của nhà nước với người cao tuổi
238,Chính sách của nhà nước với người cao tuổi
239,Chính sách của nhà nước với người cao tuổi
240,Chính sách của nhà nước với người cao tuổi
241,Chính sách của nhà nước với người cao tuổi
242,Chính sách của nhà nước với người cao tuổi
243,Chính sách của nhà nước với người cao tuổi
244,Chính sách của nhà nước với người cao tuổi
245,Chính sách của nhà nước với người cao tuổi
246,Chính sách của nhà nước với người cao tuổi
247,Khác
248,Chính sách của nhà nước với người cao tuổi
249,Vai trò và công việc của người cao tuổi trong gia đình và xã hội
250,"Các thách thức, khó khăn, và nhu cầu của người cao tuổi"
251,Vai trò và công việc của người cao tuổi trong gia đình và xã hội
252,Chính sách của nhà nước với người cao tuổi
253,Vai trò và công việc của người cao tuổi trong gia đình và xã hội
254,Chính sách của nhà nước với người cao tuổi
255,Chính sách của nhà nước với người cao tuổi
256,Chính sách của nhà nước với người cao tuổi
257,Chính sách của nhà nước với người cao tuổi
258,Chính sách của nhà nước với người cao tuổi
259,Vai trò và công việc của người cao tuổi trong gia đình và xã hội
260,Chính sách của nhà nước với người cao tuổi
261,Chính sách của nhà nước với người cao tuổi
262,"Các thách thức, khó khăn, và nhu cầu của người cao tuổi"
263,Chính sách của nhà nước với người cao tuổi
264,Vai trò và công việc của người cao tuổi trong gia đình và xã hội
265,"Các thách thức, khó khăn, và nhu cầu của người cao tuổi"
266,Vai trò và công việc của người cao tuổi trong gia đình và xã hội
267,"Các thách thức, khó khăn, và nhu cầu của người cao tuổi"
268,Chính sách của nhà nước với người cao tuổi
269,Vai trò và công việc của người cao tuổi trong gia đình và xã hội
270,Chính sách của nhà nước với người cao tuổi
271,Chính sách của nhà nước với người cao tuổi
272,Chính sách của nhà nước với người cao tuổi
273,Vai trò và công việc của người cao tuổi trong gia đình và xã hội
274,Vai trò và công việc của người cao tuổi trong gia đình và xã hội
275,Chính sách của nhà nước với người cao tuổi
276,"Các thách thức, khó khăn, và nhu cầu của người cao tuổi"
277,Vai trò và công việc của người cao tuổi trong gia đình và xã hội
278,Vai trò và công việc của người cao tuổi trong gia đình và xã hội
279,Vai trò và công việc của người cao tuổi trong gia đình và xã hội
280,Chính sách của nhà nước với người cao tuổi
281,Chính sách của nhà nước với người cao tuổi
282,Vai trò và công việc của người cao tuổi trong gia đình và xã hội
283,Chính sách của nhà nước với người cao tuổi
284,Vai trò và công việc của người cao tuổi trong gia đình và xã hội
285,Vai trò và công việc của người cao tuổi trong gia đình và xã hội
286,Chính sách của nhà nước với người cao tuổi
287,Chính sách của nhà nước với người cao tuổi
288,"Các thách thức, khó khăn, và nhu cầu của người cao tuổi"
289,Chính sách của nhà nước với người cao tuổi
290,Chính sách của nhà nước với người cao tuổi
291,Chính sách của nhà nước với người cao tuổi
292,Chính sách của nhà nước với người cao tuổi
293,Vai trò và công việc của người cao tuổi trong gia đình và xã hội
294,Chính sách của nhà nước với người cao tuổi
295,Chính sách của nhà nước với người cao tuổi
296,Chính sách của nhà nước với người cao tuổi
297,Vai trò và công việc của người cao tuổi trong gia đình và xã hội
298,Vai trò và công việc của người cao tuổi trong gia đình và xã hội
299,Vai trò và công việc của người cao tuổi trong gia đình và xã hội
300,Chính sách của nhà nước với người cao tuổi
301,Chính sách của nhà nước với người cao tuổi
302,Chính sách của nhà nước với người cao tuổi
303,Vai trò và công việc của người cao tuổi trong gia đình và xã hội
304,Chính sách của nhà nước với người cao tuổi
305,Chính sách của nhà nước với người cao tuổi
306,Chính sách của nhà nước với người cao tuổi
307,Chính sách của nhà nước với người cao tuổi
308,Vai trò và công việc của người cao tuổi trong gia đình và xã hội
309,Chính sách của nhà nước với người cao tuổi
310,Vai trò và công việc của người cao tuổi trong gia đình và xã hội
311,Chính sách của nhà nước với người cao tuổi
312,Chính sách của nhà nước với người cao tuổi
313,Chính sách của nhà nước với người cao tuổi
314,"Các thách thức, khó khăn, và nhu cầu của người cao tuổi"
315,Chính sách của nhà nước với người cao tuổi
316,Chính sách của nhà nước với người cao tuổi
317,Chính sách của nhà nước với người cao tuổi
318,Chính sách của nhà nước với người cao tuổi
319,Chính sách của nhà nước với người cao tuổi
320,Vai trò và công việc của người cao tuổi trong gia đình và xã hội
321,Chính sách của nhà nước với người cao tuổi
322,Vai trò và công việc của người cao tuổi trong gia đình và xã hội
323,Chính sách của nhà nước với người cao tuổi
324,Chính sách của nhà nước với người cao tuổi
325,Vai trò và công việc của người cao tuổi trong gia đình và xã hội
326,Vai trò và công việc của người cao tuổi trong gia đình và xã hội
327,Chính sách của nhà nước với người cao tuổi
328,Vai trò và công việc của người cao tuổi trong gia đình và xã hội
329,Chính sách của nhà nước với người cao tuổi
330,Chính sách của nhà nước với người cao tuổi
331,Chính sách của nhà nước với người cao tuổi
332,Chính sách của nhà nước với người cao tuổi
333,Vai trò và công việc của người cao tuổi trong gia đình và xã hội
334,"Các thách thức, khó khăn, và nhu cầu của người cao tuổi"
335,Chính sách của nhà nước với người cao tuổi
336,Vai trò và công việc của người cao tuổi trong gia đình và xã hội
337,Chính sách của nhà nước với người cao tuổi
338,Chính sách của nhà nước với người cao tuổi
339,Vai trò và công việc của người cao tuổi trong gia đình và xã hội
340,Vai trò và công việc của người cao tuổi trong gia đình và xã hội
341,Chính sách của nhà nước với người cao tuổi
342,Chính sách của nhà nước với người cao tuổi
343,Chính sách của nhà nước với người cao tuổi
344,Chính sách của nhà nước với người cao tuổi
345,Chính sách của nhà nước với người cao tuổi
346,Chính sách của nhà nước với người cao tuổi
347,Vai trò và công việc của người cao tuổi trong gia đình và xã hội
348,Vai trò và công việc của người cao tuổi trong gia đình và xã hội
349,Chính sách của nhà nước với người cao tuổi
350,Vai trò và công việc của người cao tuổi trong gia đình và xã hội
351,Chính sách của nhà nước với người cao tuổi
352,Vai trò và công việc của người cao tuổi trong gia đình và xã hội
353,Vai trò và công việc của người cao tuổi trong gia đình và xã hội
354,"Các thách thức, khó khăn, và nhu cầu của người cao tuổi"
355,Vai trò và công việc của người cao tuổi trong gia đình và xã hội
356,Khác
357,Chính sách của nhà nước với người cao tuổi
358,Chính sách của nhà nước với người cao tuổi
359,Chính sách của nhà nước với người cao tuổi
360,Chính sách của nhà nước với người cao tuổi
361,Vai trò và công việc của người cao tuổi trong gia đình và xã hội
362,Chính sách của nhà nước với người cao tuổi
363,Chính sách của nhà nước với người cao tuổi
364,Chính sách của nhà nước với người cao tuổi
365,Chính sách của nhà nước với người cao tuổi
366,Vai trò và công việc của người cao tuổi trong gia đình và xã hội
367,Chính sách của nhà nước với người cao tuổi
368,Chính sách của nhà nước với người cao tuổi
369,Chính sách của nhà nước với người cao tuổi
370,Chính sách của nhà nước với người cao tuổi
371,"Các thách thức, khó khăn, và nhu cầu của người cao tuổi"
372,Chính sách của nhà nước với người cao tuổi
373,Chính sách của nhà nước với người cao tuổi
374,Vai trò và công việc của người cao tuổi trong gia đình và xã hội
375,Chính sách của nhà nước với người cao tuổi
376,Vai trò và công việc của người cao tuổi trong gia đình và xã hội
377,Chính sách của nhà nước với người cao tuổi
378,Chính sách của nhà nước với người cao tuổi
379,Chính sách của nhà nước với người cao tuổi
380,"Các thách thức, khó khăn, và nhu cầu của người cao tuổi"
381,Chính sách của nhà nước với người cao tuổi
382,Vai trò và công việc của người cao tuổi trong gia đình và xã hội
383,Vai trò và công việc của người cao tuổi trong gia đình và xã hội
384,Vai trò và công việc của người cao tuổi trong gia đình và xã hội
385,Vai trò và công việc của người cao tuổi trong gia đình và xã hội
386,Chính sách của nhà nước với người cao tuổi
387,Chính sách của nhà nước với người cao tuổi
388,"Các thách thức, khó khăn, và nhu cầu của người cao tuổi"
389,Vai trò và công việc của người cao tuổi trong gia đình và xã hội
390,Vai trò và công việc của người cao tuổi trong gia đình và xã hội
391,Chính sách của nhà nước với người cao tuổi
392,Vai trò và công việc của người cao tuổi trong gia đình và xã hội
393,Vai trò và công việc của người cao tuổi trong gia đình và xã hội
394,Vai trò và công việc của người cao tuổi trong gia đình và xã hội
395,Chính sách của nhà nước với người cao tuổi
396,Vai trò và công việc của người cao tuổi trong gia đình và xã hội
397,Vai trò và công việc của người cao tuổi trong gia đình và xã hội
398,Vai trò và công việc của người cao tuổi trong gia đình và xã hội
399,Vai trò và công việc của người cao tuổi trong gia đình và xã hội
400,Vai trò và công việc của người cao tuổi trong gia đình và xã hội
401,Vai trò và công việc của người cao tuổi trong gia đình và xã hội
402,Chính sách của nhà nước với người cao tuổi
403,Vai trò và công việc của người cao tuổi trong gia đình và xã hội
404,Vai trò và công việc của người cao tuổi trong gia đình và xã hội
405,Vai trò và công việc của người cao tuổi trong gia đình và xã hội
406,Chính sách của nhà nước với người cao tuổi
407,Chính sách của nhà nước với người cao tuổi
408,Chính sách của nhà nước với người cao tuổi
409,Chính sách của nhà nước với người cao tuổi
410,Chính sách của nhà nước với người cao tuổi
411,Chính sách của nhà nước với người cao tuổi
412,Chính sách của nhà nước với người cao tuổi
413,Vai trò và công việc của người cao tuổi trong gia đình và xã hội
414,Vai trò và công việc của người cao tuổi trong gia đình và xã hội
415,Vai trò và công việc của người cao tuổi trong gia đình và xã hội
416,Chính sách của nhà nước với người cao tuổi
417,Chính sách của nhà nước với người cao tuổi
418,Chính sách của nhà nước với người cao tuổi
419,"Các thách thức, khó khăn, và nhu cầu của người cao tuổi"
420,Vai trò và công việc của người cao tuổi trong gia đình và xã hội
421,Vai trò và công việc của người cao tuổi trong gia đình và xã hội
422,Vai trò và công việc của người cao tuổi trong gia đình và xã hội
423,Vai trò và công việc của người cao tuổi trong gia đình và xã hội
424,"Các thách thức, khó khăn, và nhu cầu của người cao tuổi"
425,"Các thách thức, khó khăn, và nhu cầu của người cao tuổi"
426,"Các thách thức, khó khăn, và nhu cầu của người cao tuổi"
427,Chính sách của nhà nước với người cao tuổi
428,Vai trò và công việc của người cao tuổi trong gia đình và xã hội
429,Vai trò và công việc của người cao tuổi trong gia đình và xã hội
430,Vai trò và công việc của người cao tuổi trong gia đình và xã hội
431,Chính sách của nhà nước với người cao tuổi
432,"Các thách thức, khó khăn, và nhu cầu của người cao tuổi"
433,Vai trò và công việc của người cao tuổi trong gia đình và xã hội
434,Chính sách của nhà nước với người cao tuổi
435,Vai trò và công việc của người cao tuổi trong gia đình và xã hội
436,Vai trò và công việc của người cao tuổi trong gia đình và xã hội
437,Chính sách của nhà nước với người cao tuổi
438,Vai trò và công việc của người cao tuổi trong gia đình và xã hội
439,Chính sách của nhà nước với người cao tuổi
440,"Các thách thức, khó khăn, và nhu cầu của người cao tuổi"
441,Vai trò và công việc của người cao tuổi trong gia đình và xã hội
442,Vai trò và công việc của người cao tuổi trong gia đình và xã hội
443,Vai trò và công việc của người cao tuổi trong gia đình và xã hội
444,Chính sách của nhà nước với người cao tuổi
445,Chính sách của nhà nước với người cao tuổi
446,Chính sách của nhà nước với người cao tuổi
447,Vai trò và công việc của người cao tuổi trong gia đình và xã hội
448,Vai trò và công việc của người cao tuổi trong gia đình và xã hội
449,Chính sách của nhà nước với người cao tuổi
450,Chính sách của nhà nước với người cao tuổi
451,"Các thách thức, khó khăn, và nhu cầu của người cao tuổi"
452,Chính sách của nhà nước với người cao tuổi
453,Chính sách của nhà nước với người cao tuổi
454,Chính sách của nhà nước với người cao tuổi
455,Vai trò và công việc của người cao tuổi trong gia đình và xã hội
456,Chính sách của nhà nước với người cao tuổi
457,Chính sách của nhà nước với người cao tuổi
458,Vai trò và công việc của người cao tuổi trong gia đình và xã hội
459,Vai trò và công việc của người cao tuổi trong gia đình và xã hội
460,Chính sách của nhà nước với người cao tuổi
461,Vai trò và công việc của người cao tuổi trong gia đình và xã hội
462,Vai trò và công việc của người cao tuổi trong gia đình và xã hội
463,Vai trò và công việc của người cao tuổi trong gia đình và xã hội
464,Chính sách của nhà nước với người cao tuổi
465,Chính sách của nhà nước với người cao tuổi
466,Vai trò và công việc của người cao tuổi trong gia đình và xã hội
467,Chính sách của nhà nước với người cao tuổi
468,Vai trò và công việc của người cao tuổi trong gia đình và xã hội
469,Vai trò và công việc của người cao tuổi trong gia đình và xã hội
470,Vai trò và công việc của người cao tuổi trong gia đình và xã hội
471,"Các thách thức, khó khăn, và nhu cầu của người cao tuổi"
472,Chính sách của nhà nước với người cao tuổi
473,Vai trò và công việc của người cao tuổi trong gia đình và xã hội
474,Chính sách của nhà nước với người cao tuổi
475,Vai trò và công việc của người cao tuổi trong gia đình và xã hội
476,Chính sách của nhà nước với người cao tuổi
477,Vai trò và công việc của người cao tuổi trong gia đình và xã hội
478,Vai trò và công việc của người cao tuổi trong gia đình và xã hội
479,Chính sách của nhà nước với người cao tuổi
480,Vai trò và công việc của người cao tuổi trong gia đình và xã hội
481,Vai trò và công việc của người cao tuổi trong gia đình và xã hội
482,Chính sách của nhà nước với người cao tuổi
483,Vai trò và công việc của người cao tuổi trong gia đình và xã hội
484,Vai trò và công việc của người cao tuổi trong gia đình và xã hội
485,Chính sách của nhà nước với người cao tuổi
486,Chính sách của nhà nước với người cao tuổi
487,Vai trò và công việc của người cao tuổi trong gia đình và xã hội
488,Chính sách của nhà nước với người cao tuổi
489,Vai trò và công việc của người cao tuổi trong gia đình và xã hội
490,Vai trò và công việc của người cao tuổi trong gia đình và xã hội
491,"Các thách thức, khó khăn, và nhu cầu của người cao tuổi"
492,Chính sách của nhà nước với người cao tuổi
493,Chính sách của nhà nước với người cao tuổi
494,Chính sách của nhà nước với người cao tuổi
495,Chính sách của nhà nước với người cao tuổi
496,Vai trò và công việc của người cao tuổi trong gia đình và xã hội
497,Chính sách của nhà nước với người cao tuổi
498,Chính sách của nhà nước với người cao tuổi
499,Chính sách của nhà nước với người cao tuổi
500,Vai trò và công việc của người cao tuổi trong gia đình và xã hội
501,Chính sách của nhà nước với người cao tuổi
502,Chính sách của nhà nước với người cao tuổi
503,Vai trò và công việc của người cao tuổi trong gia đình và xã hội
504,Chính sách của nhà nước với người cao tuổi
505,Chính sách của nhà nước với người cao tuổi
506,Vai trò và công việc của người cao tuổi trong gia đình và xã hội
507,Vai trò và công việc của người cao tuổi trong gia đình và xã hội
508,Chính sách của nhà nước với người cao tuổi
509,Vai trò và công việc của người cao tuổi trong gia đình và xã hội
510,Chính sách của nhà nước với người cao tuổi
511,Vai trò và công việc của người cao tuổi trong gia đình và xã hội
512,Vai trò và công việc của người cao tuổi trong gia đình và xã hội
513,Chính sách của nhà nước với người cao tuổi
514,Vai trò và công việc của người cao tuổi trong gia đình và xã hội
515,Chính sách của nhà nước với người cao tuổi
516,"Các thách thức, khó khăn, và nhu cầu của người cao tuổi"
517,Chính sách của nhà nước với người cao tuổi
518,Vai trò và công việc của người cao tuổi trong gia đình và xã hội
519,Chính sách của nhà nước với người cao tuổi
520,Vai trò và công việc của người cao tuổi trong gia đình và xã hội
521,Vai trò và công việc của người cao tuổi trong gia đình và xã hội
522,Vai trò và công việc của người cao tuổi trong gia đình và xã hội
523,Vai trò và công việc của người cao tuổi trong gia đình và xã hội
524,Chính sách của nhà nước với người cao tuổi
525,Chính sách của nhà nước với người cao tuổi
526,Chính sách của nhà nước với người cao tuổi
527,Vai trò và công việc của người cao tuổi trong gia đình và xã hội
528,Chính sách của nhà nước với người cao tuổi
529,Vai trò và công việc của người cao tuổi trong gia đình và xã hội
530,Chính sách của nhà nước với người cao tuổi
531,Vai trò và công việc của người cao tuổi trong gia đình và xã hội
532,Vai trò và công việc của người cao tuổi trong gia đình và xã hội
533,Vai trò và công việc của người cao tuổi trong gia đình và xã hội
534,Chính sách của nhà nước với người cao tuổi
535,Chính sách của nhà nước với người cao tuổi
536,Vai trò và công việc của người cao tuổi trong gia đình và xã hội
537,Vai trò và công việc của người cao tuổi trong gia đình và xã hội
538,Chính sách của nhà nước với người cao tuổi
539,Chính sách của nhà nước với người cao tuổi
540,Vai trò và công việc của người cao tuổi trong gia đình và xã hội
541,Chính sách của nhà nước với người cao tuổi
542,Vai trò và công việc của người cao tuổi trong gia đình và xã hội
543,Vai trò và công việc của người cao tuổi trong gia đình và xã hội
544,Vai trò và công việc của người cao tuổi trong gia đình và xã hội
545,Vai trò và công việc của người cao tuổi trong gia đình và xã hội
546,"Các thách thức, khó khăn, và nhu cầu của người cao tuổi"
547,"Các thách thức, khó khăn, và nhu cầu của người cao tuổi"
548,Chính sách của nhà nước với người cao tuổi
549,"Các thách thức, khó khăn, và nhu cầu của người cao tuổi"
550,Chính sách của nhà nước với người cao tuổi
551,"Các thách thức, khó khăn, và nhu cầu của người cao tuổi"
552,Vai trò và công việc của người cao tuổi trong gia đình và xã hội
553,Chính sách của nhà nước với người cao tuổi
554,Vai trò và công việc của người cao tuổi trong gia đình và xã hội
555,Chính sách của nhà nước với người cao tuổi
556,Vai trò và công việc của người cao tuổi trong gia đình và xã hội
557,Chính sách của nhà nước với người cao tuổi
558,Vai trò và công việc của người cao tuổi trong gia đình và xã hội
559,Vai trò và công việc của người cao tuổi trong gia đình và xã hội
560,Vai trò và công việc của người cao tuổi trong gia đình và xã hội
561,Chính sách của nhà nước với người cao tuổi
562,"Các thách thức, khó khăn, và nhu cầu của người cao tuổi"
563,Vai trò và công việc của người cao tuổi trong gia đình và xã hội
564,Vai trò và công việc của người cao tuổi trong gia đình và xã hội
565,Chính sách của nhà nước với người cao tuổi
566,Khác
567,Chính sách của nhà nước với người cao tuổi
568,"Các thách thức, khó khăn, và nhu cầu của người cao tuổi"
569,Vai trò và công việc của người cao tuổi trong gia đình và xã hội
570,Chính sách của nhà nước với người cao tuổi
571,Vai trò và công việc của người cao tuổi trong gia đình và xã hội
572,Chính sách của nhà nước với người cao tuổi
573,Vai trò và công việc của người cao tuổi trong gia đình và xã hội
574,Vai trò và công việc của người cao tuổi trong gia đình và xã hội
575,Chính sách của nhà nước với người cao tuổi
576,Chính sách của nhà nước với người cao tuổi
577,Chính sách của nhà nước với người cao tuổi
578,Chính sách của nhà nước với người cao tuổi
579,Vai trò và công việc của người cao tuổi trong gia đình và xã hội
580,Vai trò và công việc của người cao tuổi trong gia đình và xã hội
581,"Các thách thức, khó khăn, và nhu cầu của người cao tuổi"
582,Vai trò và công việc của người cao tuổi trong gia đình và xã hội
583,"Các thách thức, khó khăn, và nhu cầu của người cao tuổi"
584,Vai trò và công việc của người cao tuổi trong gia đình và xã hội
585,Vai trò và công việc của người cao tuổi trong gia đình và xã hội
586,Chính sách của nhà nước với người cao tuổi
587,"Các thách thức, khó khăn, và nhu cầu của người cao tuổi"
588,"Các thách thức, khó khăn, và nhu cầu của người cao tuổi"
589,Chính sách của nhà nước với người cao tuổi
590,Vai trò và công việc của người cao tuổi trong gia đình và xã hội
591,Chính sách của nhà nước với người cao tuổi
592,"Các thách thức, khó khăn, và nhu cầu của người cao tuổi"
593,Chính sách của nhà nước với người cao tuổi
594,Chính sách của nhà nước với người cao tuổi
595,"Các thách thức, khó khăn, và nhu cầu của người cao tuổi"
596,"Các thách thức, khó khăn, và nhu cầu của người cao tuổi"
597,Vai trò và công việc của người cao tuổi trong gia đình và xã hội
598,Vai trò và công việc của người cao tuổi trong gia đình và xã hội
599,Chính sách của nhà nước với người cao tuổi
600,Chính sách của nhà nước với người cao tuổi
601,Chính sách của nhà nước với người cao tuổi
602,Chính sách của nhà nước với người cao tuổi
603,Chính sách của nhà nước với người cao tuổi
604,"Các thách thức, khó khăn, và nhu cầu của người cao tuổi"
605,Chính sách của nhà nước với người cao tuổi
606,Vai trò và công việc của người cao tuổi trong gia đình và xã hội
607,Chính sách của nhà nước với người cao tuổi
608,"Các thách thức, khó khăn, và nhu cầu của người cao tuổi"
609,"Các thách thức, khó khăn, và nhu cầu của người cao tuổi"
610,Chính sách của nhà nước với người cao tuổi
611,"Các thách thức, khó khăn, và nhu cầu của người cao tuổi"
612,"Các thách thức, khó khăn, và nhu cầu của người cao tuổi"
613,"Các thách thức, khó khăn, và nhu cầu của người cao tuổi"
614,Chính sách của nhà nước với người cao tuổi
615,"Các thách thức, khó khăn, và nhu cầu của người cao tuổi"
616,Chính sách của nhà nước với người cao tuổi
617,"Các thách thức, khó khăn, và nhu cầu của người cao tuổi"
618,Chính sách của nhà nước với người cao tuổi
619,Chính sách của nhà nước với người cao tuổi
620,"Các thách thức, khó khăn, và nhu cầu của người cao tuổi"
621,Chính sách của nhà nước với người cao tuổi
622,Chính sách của nhà nước với người cao tuổi
623,Chính sách của nhà nước với người cao tuổi
624,"Các thách thức, khó khăn, và nhu cầu của người cao tuổi"
625,"Các thách thức, khó khăn, và nhu cầu của người cao tuổi"
626,"Các thách thức, khó khăn, và nhu cầu của người cao tuổi"
627,Vai trò và công việc của người cao tuổi trong gia đình và xã hội
628,"Các thách thức, khó khăn, và nhu cầu của người cao tuổi"
629,Chính sách của nhà nước với người cao tuổi
630,"Các thách thức, khó khăn, và nhu cầu của người cao tuổi"
631,"Các thách thức, khó khăn, và nhu cầu của người cao tuổi"
632,Vai trò và công việc của người cao tuổi trong gia đình và xã hội
633,"Các thách thức, khó khăn, và nhu cầu của người cao tuổi"
634,Vai trò và công việc của người cao tuổi trong gia đình và xã hội
635,Vai trò và công việc của người cao tuổi trong gia đình và xã hội
636,"Các thách thức, khó khăn, và nhu cầu của người cao tuổi"
637,"Các thách thức, khó khăn, và nhu cầu của người cao tuổi"
638,Chính sách của nhà nước với người cao tuổi
639,Chính sách của nhà nước với người cao tuổi
640,"Các thách thức, khó khăn, và nhu cầu của người cao tuổi"
641,Chính sách của nhà nước với người cao tuổi
642,Chính sách của nhà nước với người cao tuổi
643,Chính sách của nhà nước với người cao tuổi
644,"Các thách thức, khó khăn, và nhu cầu của người cao tuổi"
645,"Các thách thức, khó khăn, và nhu cầu của người cao tuổi"
646,Chính sách của nhà nước với người cao tuổi
647,"Các thách thức, khó khăn, và nhu cầu của người cao tuổi"
648,Chính sách của nhà nước với người cao tuổi
649,Chính sách của nhà nước với người cao tuổi
650,Chính sách của nhà nước với người cao tuổi
651,Khác
652,Chính sách của nhà nước với người cao tuổi
653,Chính sách của nhà nước với người cao tuổi
654,Khác
655,"Các thách thức, khó khăn, và nhu cầu của người cao tuổi"
656,Chính sách của nhà nước với người cao tuổi
657,"Các thách thức, khó khăn, và nhu cầu của người cao tuổi"
658,"Các thách thức, khó khăn, và nhu cầu của người cao tuổi"
659,"Các thách thức, khó khăn, và nhu cầu của người cao tuổi"
660,"Các thách thức, khó khăn, và nhu cầu của người cao tuổi"
661,"Các thách thức, khó khăn, và nhu cầu của người cao tuổi"
662,Chính sách của nhà nước với người cao tuổi
663,"Các thách thức, khó khăn, và nhu cầu của người cao tuổi"
664,"Các thách thức, khó khăn, và nhu cầu của người cao tuổi"
665,"Các thách thức, khó khăn, và nhu cầu của người cao tuổi"
666,"Các thách thức, khó khăn, và nhu cầu của người cao tuổi"
667,"Các thách thức, khó khăn, và nhu cầu của người cao tuổi"
668,"Các thách thức, khó khăn, và nhu cầu của người cao tuổi"
669,"Các thách thức, khó khăn, và nhu cầu của người cao tuổi"
670,"Các thách thức, khó khăn, và nhu cầu của người cao tuổi"
671,Chính sách của nhà nước với người cao tuổi
672,"Các thách thức, khó khăn, và nhu cầu của người cao tuổi"
673,Vai trò và công việc của người cao tuổi trong gia đình và xã hội
674,Chính sách của nhà nước với người cao tuổi
675,Chính sách của nhà nước với người cao tuổi
676,Chính sách của nhà nước với người cao tuổi
677,"Các thách thức, khó khăn, và nhu cầu của người cao tuổi"
678,Chính sách của nhà nước với người cao tuổi
679,"Các thách thức, khó khăn, và nhu cầu của người cao tuổi"
680,Vai trò và công việc của người cao tuổi trong gia đình và xã hội
681,Chính sách của nhà nước với người cao tuổi
682,Chính sách của nhà nước với người cao tuổi
683,Chính sách của nhà nước với người cao tuổi
684,"Các thách thức, khó khăn, và nhu cầu của người cao tuổi"
685,"Các thách thức, khó khăn, và nhu cầu của người cao tuổi"
686,Chính sách của nhà nước với người cao tuổi
687,"Các thách thức, khó khăn, và nhu cầu của người cao tuổi"
688,Chính sách của nhà nước với người cao tuổi
689,Chính sách của nhà nước với người cao tuổi
690,Chính sách của nhà nước với người cao tuổi
691,Chính sách của nhà nước với người cao tuổi
692,Vai trò và công việc của người cao tuổi trong gia đình và xã hội
693,Chính sách của nhà nước với người cao tuổi
694,Chính sách của nhà nước với người cao tuổi
695,Chính sách của nhà nước với người cao tuổi
696,"Các thách thức, khó khăn, và nhu cầu của người cao tuổi"
697,"Các thách thức, khó khăn, và nhu cầu của người cao tuổi"
698,Chính sách của nhà nước với người cao tuổi
699,"Các thách thức, khó khăn, và nhu cầu của người cao tuổi"
700,"Các thách thức, khó khăn, và nhu cầu của người cao tuổi"
701,Chính sách của nhà nước với người cao tuổi
702,Khác
703,Chính sách của nhà nước với người cao tuổi
704,"Các thách thức, khó khăn, và nhu cầu của người cao tuổi"
705,"Các thách thức, khó khăn, và nhu cầu của người cao tuổi"
706,Chính sách của nhà nước với người cao tuổi
707,"Các thách thức, khó khăn, và nhu cầu của người cao tuổi"
708,"Các thách thức, khó khăn, và nhu cầu của người cao tuổi"
709,"Các thách thức, khó khăn, và nhu cầu của người cao tuổi"
710,Chính sách của nhà nước với người cao tuổi
711,"Các thách thức, khó khăn, và nhu cầu của người cao tuổi"
712,Chính sách của nhà nước với người cao tuổi
713,Chính sách của nhà nước với người cao tuổi
714,"Các thách thức, khó khăn, và nhu cầu của người cao tuổi"
715,"Các thách thức, khó khăn, và nhu cầu của người cao tuổi"
716,Chính sách của nhà nước với người cao tuổi
717,Khác
718,Chính sách của nhà nước với người cao tuổi
719,Chính sách của nhà nước với người cao tuổi
720,Chính sách của nhà nước với người cao tuổi
721,Chính sách của nhà nước với người cao tuổi
722,Chính sách của nhà nước với người cao tuổi
723,"Các thách thức, khó khăn, và nhu cầu của người cao tuổi"
724,Chính sách của nhà nước với người cao tuổi
725,"Các thách thức, khó khăn, và nhu cầu của người cao tuổi"
726,"Các thách thức, khó khăn, và nhu cầu của người cao tuổi"
727,Chính sách của nhà nước với người cao tuổi
728,"Các thách thức, khó khăn, và nhu cầu của người cao tuổi"
729,Vai trò và công việc của người cao tuổi trong gia đình và xã hội
730,"Các thách thức, khó khăn, và nhu cầu của người cao tuổi"
731,Khác
732,Chính sách của nhà nước với người cao tuổi
733,Chính sách của nhà nước với người cao tuổi
734,"Các thách thức, khó khăn, và nhu cầu của người cao tuổi"
735,"Các thách thức, khó khăn, và nhu cầu của người cao tuổi"
736,"Các thách thức, khó khăn, và nhu cầu của người cao tuổi"
737,Chính sách của nhà nước với người cao tuổi
738,"Các thách thức, khó khăn, và nhu cầu của người cao tuổi"
739,"Các thách thức, khó khăn, và nhu cầu của người cao tuổi"
740,Chính sách của nhà nước với người cao tuổi
741,"Các thách thức, khó khăn, và nhu cầu của người cao tuổi"
742,"Các thách thức, khó khăn, và nhu cầu của người cao tuổi"
743,Khác
744,Chính sách của nhà nước với người cao tuổi
745,Khác
746,Chính sách của nhà nước với người cao tuổi
747,"Các thách thức, khó khăn, và nhu cầu của người cao tuổi"
748,"Các thách thức, khó khăn, và nhu cầu của người cao tuổi"
749,"Các thách thức, khó khăn, và nhu cầu của người cao tuổi"
750,Vai trò và công việc của người cao tuổi trong gia đình và xã hội
751,"Các thách thức, khó khăn, và nhu cầu của người cao tuổi"
752,"Các thách thức, khó khăn, và nhu cầu của người cao tuổi"
753,Chính sách của nhà nước với người cao tuổi
754,"Các thách thức, khó khăn, và nhu cầu của người cao tuổi"
755,Vai trò và công việc của người cao tuổi trong gia đình và xã hội
756,"Các thách thức, khó khăn, và nhu cầu của người cao tuổi"
757,"Các thách thức, khó khăn, và nhu cầu của người cao tuổi"
758,Vai trò và công việc của người cao tuổi trong gia đình và xã hội
759,"Các thách thức, khó khăn, và nhu cầu của người cao tuổi"
760,Chính sách của nhà nước với người cao tuổi
761,Chính sách của nhà nước với người cao tuổi
762,"Các thách thức, khó khăn, và nhu cầu của người cao tuổi"
763,"Các thách thức, khó khăn, và nhu cầu của người cao tuổi"
764,Chính sách của nhà nước với người cao tuổi
765,Chính sách của nhà nước với người cao tuổi
766,Chính sách của nhà nước với người cao tuổi
767,Chính sách của nhà nước với người cao tuổi
768,"Các thách thức, khó khăn, và nhu cầu của người cao tuổi"
769,"Các thách thức, khó khăn, và nhu cầu của người cao tuổi"
770,Chính sách của nhà nước với người cao tuổi
771,"Các thách thức, khó khăn, và nhu cầu của người cao tuổi"
772,"Các thách thức, khó khăn, và nhu cầu của người cao tuổi"
773,"Các thách thức, khó khăn, và nhu cầu của người cao tuổi"
774,Chính sách của nhà nước với người cao tuổi
775,Chính sách của nhà nước với người cao tuổi
776,Vai trò và công việc của người cao tuổi trong gia đình và xã hội
777,"Các thách thức, khó khăn, và nhu cầu của người cao tuổi"
778,"Các thách thức, khó khăn, và nhu cầu của người cao tuổi"
779,"Các thách thức, khó khăn, và nhu cầu của người cao tuổi"
780,Vai trò và công việc của người cao tuổi trong gia đình và xã hội
781,Chính sách của nhà nước với người cao tuổi
782,Chính sách của nhà nước với người cao tuổi
783,"Các thách thức, khó khăn, và nhu cầu của người cao tuổi"
784,"Các thách thức, khó khăn, và nhu cầu của người cao tuổi"
785,"Các thách thức, khó khăn, và nhu cầu của người cao tuổi"
786,"Các thách thức, khó khăn, và nhu cầu của người cao tuổi"
787,"Các thách thức, khó khăn, và nhu cầu của người cao tuổi"
788,"Các thách thức, khó khăn, và nhu cầu của người cao tuổi"
789,Chính sách của nhà nước với người cao tuổi
790,"Các thách thức, khó khăn, và nhu cầu của người cao tuổi"
791,Chính sách của nhà nước với người cao tuổi
792,"Các thách thức, khó khăn, và nhu cầu của người cao tuổi"
793,"Các thách thức, khó khăn, và nhu cầu của người cao tuổi"
794,Khác
795,Chính sách của nhà nước với người cao tuổi
796,"Các thách thức, khó khăn, và nhu cầu của người cao tuổi"
797,"Các thách thức, khó khăn, và nhu cầu của người cao tuổi"
798,"Các thách thức, khó khăn, và nhu cầu của người cao tuổi"
799,Chính sách của nhà nước với người cao tuổi
800,Vai trò và công việc của người cao tuổi trong gia đình và xã hội
801,Vai trò và công việc của người cao tuổi trong gia đình và xã hội
802,Vai trò và công việc của người cao tuổi trong gia đình và xã hội
803,"Các thách thức, khó khăn, và nhu cầu của người cao tuổi"
804,"Các thách thức, khó khăn, và nhu cầu của người cao tuổi"
805,"Các thách thức, khó khăn, và nhu cầu của người cao tuổi"
806,"Các thách thức, khó khăn, và nhu cầu của người cao tuổi"
807,Vai trò và công việc của người cao tuổi trong gia đình và xã hội
808,"Các thách thức, khó khăn, và nhu cầu của người cao tuổi"
809,Chính sách của nhà nước với người cao tuổi
810,Vai trò và công việc của người cao tuổi trong gia đình và xã hội
811,Khác
812,"Các thách thức, khó khăn, và nhu cầu của người cao tuổi"
813,"Các thách thức, khó khăn, và nhu cầu của người cao tuổi"
814,"Các thách thức, khó khăn, và nhu cầu của người cao tuổi"
815,Chính sách của nhà nước với người cao tuổi
816,"Các thách thức, khó khăn, và nhu cầu của người cao tuổi"
817,"Các thách thức, khó khăn, và nhu cầu của người cao tuổi"
818,Chính sách của nhà nước với người cao tuổi
819,"Các thách thức, khó khăn, và nhu cầu của người cao tuổi"
820,Chính sách của nhà nước với người cao tuổi
821,Chính sách của nhà nước với người cao tuổi
822,"Các thách thức, khó khăn, và nhu cầu của người cao tuổi"
823,"Các thách thức, khó khăn, và nhu cầu của người cao tuổi"
824,Vai trò và công việc của người cao tuổi trong gia đình và xã hội
825,"Các thách thức, khó khăn, và nhu cầu của người cao tuổi"
826,Khác
827,"Các thách thức, khó khăn, và nhu cầu của người cao tuổi"
828,Khác
829,Chính sách của nhà nước với người cao tuổi
830,Khác
831,"Các thách thức, khó khăn, và nhu cầu của người cao tuổi"
832,Chính sách của nhà nước với người cao tuổi
833,"Các thách thức, khó khăn, và nhu cầu của người cao tuổi"
834,Chính sách của nhà nước với người cao tuổi
835,"Các thách thức, khó khăn, và nhu cầu của người cao tuổi"
836,Vai trò và công việc của người cao tuổi trong gia đình và xã hội
837,Vai trò và công việc của người cao tuổi trong gia đình và xã hội
838,"Các thách thức, khó khăn, và nhu cầu của người cao tuổi"
839,"Các thách thức, khó khăn, và nhu cầu của người cao tuổi"
840,"Các thách thức, khó khăn, và nhu cầu của người cao tuổi"
841,Chính sách của nhà nước với người cao tuổi
842,Chính sách của nhà nước với người cao tuổi
843,Chính sách của nhà nước với người cao tuổi
844,"Các thách thức, khó khăn, và nhu cầu của người cao tuổi"
845,Chính sách của nhà nước với người cao tuổi
846,Chính sách của nhà nước với người cao tuổi
847,Khác
848,Khác
849,"Các thách thức, khó khăn, và nhu cầu của người cao tuổi"
850,"Các thách thức, khó khăn, và nhu cầu của người cao tuổi"
851,Chính sách của nhà nước với người cao tuổi
852,"Các thách thức, khó khăn, và nhu cầu của người cao tuổi"
853,"Các thách thức, khó khăn, và nhu cầu của người cao tuổi"
854,Chính sách của nhà nước với người cao tuổi
855,Vai trò và công việc của người cao tuổi trong gia đình và xã hội
856,"Các thách thức, khó khăn, và nhu cầu của người cao tuổi"
857,Chính sách của nhà nước với người cao tuổi
858,Chính sách của nhà nước với người cao tuổi
859,"Các thách thức, khó khăn, và nhu cầu của người cao tuổi"
860,Chính sách của nhà nước với người cao tuổi
861,Chính sách của nhà nước với người cao tuổi
862,"Các thách thức, khó khăn, và nhu cầu của người cao tuổi"
863,Chính sách của nhà nước với người cao tuổi
864,"Các thách thức, khó khăn, và nhu cầu của người cao tuổi"
865,Khác
866,"Các thách thức, khó khăn, và nhu cầu của người cao tuổi"
867,Khác
868,"Các thách thức, khó khăn, và nhu cầu của người cao tuổi"
869,Vai trò và công việc của người cao tuổi trong gia đình và xã hội
870,"Các thách thức, khó khăn, và nhu cầu của người cao tuổi"
871,Khác
872,"Các thách thức, khó khăn, và nhu cầu của người cao tuổi"
873,"Các thách thức, khó khăn, và nhu cầu của người cao tuổi"
874,Chính sách của nhà nước với người cao tuổi
875,"Các thách thức, khó khăn, và nhu cầu của người cao tuổi"
876,"Các thách thức, khó khăn, và nhu cầu của người cao tuổi"
877,Khác
878,Chính sách của nhà nước với người cao tuổi
879,"Các thách thức, khó khăn, và nhu cầu của người cao tuổi"
880,Vai trò và công việc của người cao tuổi trong gia đình và xã hội
881,"Các thách thức, khó khăn, và nhu cầu của người cao tuổi"
882,"Các thách thức, khó khăn, và nhu cầu của người cao tuổi"
883,Khác
884,"Các thách thức, khó khăn, và nhu cầu của người cao tuổi"
885,"Các thách thức, khó khăn, và nhu cầu của người cao tuổi"
886,"Các thách thức, khó khăn, và nhu cầu của người cao tuổi"
887,"Các thách thức, khó khăn, và nhu cầu của người cao tuổi"
888,"Các thách thức, khó khăn, và nhu cầu của người cao tuổi"
889,Chính sách của nhà nước với người cao tuổi
890,"Các thách thức, khó khăn, và nhu cầu của người cao tuổi"
891,Chính sách của nhà nước với người cao tuổi
892,"Các thách thức, khó khăn, và nhu cầu của người cao tuổi"
893,"Các thách thức, khó khăn, và nhu cầu của người cao tuổi"
894,Khác
895,"Các thách thức, khó khăn, và nhu cầu của người cao tuổi"
896,"Các thách thức, khó khăn, và nhu cầu của người cao tuổi"
897,Chính sách của nhà nước với người cao tuổi
898,Chính sách của nhà nước với người cao tuổi
899,Khác
900,"Các thách thức, khó khăn, và nhu cầu của người cao tuổi"
901,Chính sách của nhà nước với người cao tuổi
902,"Các thách thức, khó khăn, và nhu cầu của người cao tuổi"
903,Chính sách của nhà nước với người cao tuổi
904,Chính sách của nhà nước với người cao tuổi
905,"Các thách thức, khó khăn, và nhu cầu của người cao tuổi"
906,Chính sách của nhà nước với người cao tuổi
907,"Các thách thức, khó khăn, và nhu cầu của người cao tuổi"
908,"Các thách thức, khó khăn, và nhu cầu của người cao tuổi"
909,Chính sách của nhà nước với người cao tuổi
910,Vai trò và công việc của người cao tuổi trong gia đình và xã hội
911,"Các thách thức, khó khăn, và nhu cầu của người cao tuổi"
912,Chính sách của nhà nước với người cao tuổi
913,Chính sách của nhà nước với người cao tuổi
914,Chính sách của nhà nước với người cao tuổi
915,Chính sách của nhà nước với người cao tuổi
916,Chính sách của nhà nước với người cao tuổi
917,Chính sách của nhà nước với người cao tuổi
918,Chính sách của nhà nước với người cao tuổi
919,"Các thách thức, khó khăn, và nhu cầu của người cao tuổi"
920,Chính sách của nhà nước với người cao tuổi
921,"Các thách thức, khó khăn, và nhu cầu của người cao tuổi"
922,Khác
923,Vai trò và công việc của người cao tuổi trong gia đình và xã hội
924,"Các thách thức, khó khăn, và nhu cầu của người cao tuổi"
925,"Các thách thức, khó khăn, và nhu cầu của người cao tuổi"
926,Chính sách của nhà nước với người cao tuổi
927,Vai trò và công việc của người cao tuổi trong gia đình và xã hội
928,"Các thách thức, khó khăn, và nhu cầu của người cao tuổi"
929,Khác
930,"Các thách thức, khó khăn, và nhu cầu của người cao tuổi"
931,Chính sách của nhà nước với người cao tuổi
932,"Các thách thức, khó khăn, và nhu cầu của người cao tuổi"
933,"Các thách thức, khó khăn, và nhu cầu của người cao tuổi"
934,Vai trò và công việc của người cao tuổi trong gia đình và xã hội
935,Chính sách của nhà nước với người cao tuổi
936,Khác
937,Chính sách của nhà nước với người cao tuổi
938,"Các thách thức, khó khăn, và nhu cầu của người cao tuổi"
939,"Các thách thức, khó khăn, và nhu cầu của người cao tuổi"
940,"Các thách thức, khó khăn, và nhu cầu của người cao tuổi"
941,Chính sách của nhà nước với người cao tuổi
942,Chính sách của nhà nước với người cao tuổi
943,Chính sách của nhà nước với người cao tuổi
944,"Các thách thức, khó khăn, và nhu cầu của người cao tuổi"
945,"Các thách thức, khó khăn, và nhu cầu của người cao tuổi"
946,"Các thách thức, khó khăn, và nhu cầu của người cao tuổi"
947,Chính sách của nhà nước với người cao tuổi
948,Chính sách của nhà nước với người cao tuổi
949,"Các thách thức, khó khăn, và nhu cầu của người cao tuổi"
950,Chính sách của nhà nước với người cao tuổi
951,Vai trò và công việc của người cao tuổi trong gia đình và xã hội
952,Chính sách của nhà nước với người cao tuổi
953,Chính sách của nhà nước với người cao tuổi
954,"Các thách thức, khó khăn, và nhu cầu của người cao tuổi"
955,Khác
956,Chính sách của nhà nước với người cao tuổi
957,Khác
958,Khác
959,"Các thách thức, khó khăn, và nhu cầu của người cao tuổi"
960,Khác
961,"Các thách thức, khó khăn, và nhu cầu của người cao tuổi"
962,Chính sách của nhà nước với người cao tuổi
963,Vai trò và công việc của người cao tuổi trong gia đình và xã hội
964,Khác
965,Chính sách của nhà nước với người cao tuổi
966,Chính sách của nhà nước với người cao tuổi
967,"Các thách thức, khó khăn, và nhu cầu của người cao tuổi"
968,"Các thách thức, khó khăn, và nhu cầu của người cao tuổi"
969,"Các thách thức, khó khăn, và nhu cầu của người cao tuổi"
970,"Các thách thức, khó khăn, và nhu cầu của người cao tuổi"
971,Chính sách của nhà nước với người cao tuổi
972,"Các thách thức, khó khăn, và nhu cầu của người cao tuổi"
973,"Các thách thức, khó khăn, và nhu cầu của người cao tuổi"
974,"Các thách thức, khó khăn, và nhu cầu của người cao tuổi"
975,"Các thách thức, khó khăn, và nhu cầu của người cao tuổi"
976,Chính sách của nhà nước với người cao tuổi
977,"Các thách thức, khó khăn, và nhu cầu của người cao tuổi"
978,Chính sách của nhà nước với người cao tuổi
979,Khác
980,"Các thách thức, khó khăn, và nhu cầu của người cao tuổi"
981,Chính sách của nhà nước với người cao tuổi
982,Chính sách của nhà nước với người cao tuổi
983,Vai trò và công việc của người cao tuổi trong gia đình và xã hội
984,"Các thách thức, khó khăn, và nhu cầu của người cao tuổi"
985,"Các thách thức, khó khăn, và nhu cầu của người cao tuổi"
986,Chính sách của nhà nước với người cao tuổi
987,"Các thách thức, khó khăn, và nhu cầu của người cao tuổi"
988,Chính sách của nhà nước với người cao tuổi
989,Vai trò và công việc của người cao tuổi trong gia đình và xã hội
990,Chính sách của nhà nước với người cao tuổi
991,Chính sách của nhà nước với người cao tuổi
992,Vai trò và công việc của người cao tuổi trong gia đình và xã hội
993,Chính sách của nhà nước với người cao tuổi
994,Chính sách của nhà nước với người cao tuổi
995,"Các thách thức, khó khăn, và nhu cầu của người cao tuổi"
996,Khác
997,"Các thách thức, khó khăn, và nhu cầu của người cao tuổi"
998,Khác
999,Chính sách của nhà nước với người cao tuổi
1000,Chính sách của nhà nước với người cao tuổi
1001,"Các thách thức, khó khăn, và nhu cầu của người cao tuổi"
1002,Khác
1003,Chính sách của nhà nước với người cao tuổi
1004,Vai trò và công việc của người cao tuổi trong gia đình và xã hội
1005,Chính sách của nhà nước với người cao tuổi
1006,Chính sách của nhà nước với người cao tuổi
1007,Khác
1008,"Các thách thức, khó khăn, và nhu cầu của người cao tuổi"
1009,Chính sách của nhà nước với người cao tuổi
1010,Chính sách của nhà nước với người cao tuổi
1011,"Các thách thức, khó khăn, và nhu cầu của người cao tuổi"
1012,Khác
1013,Chính sách của nhà nước với người cao tuổi
1014,Vai trò và công việc của người cao tuổi trong gia đình và xã hội
1015,"Các thách thức, khó khăn, và nhu cầu của người cao tuổi"
1016,Vai trò và công việc của người cao tuổi trong gia đình và xã hội
1017,Chính sách của nhà nước với người cao tuổi
1018,"Các thách thức, khó khăn, và nhu cầu của người cao tuổi"
1019,"Các thách thức, khó khăn, và nhu cầu của người cao tuổi"
1020,Chính sách của nhà nước với người cao tuổi
1021,Chính sách của nhà nước với người cao tuổi
1022,Chính sách của nhà nước với người cao tuổi
1023,Chính sách của nhà nước với người cao tuổi
1024,Chính sách của nhà nước với người cao tuổi
1025,"Các thách thức, khó khăn, và nhu cầu của người cao tuổi"
1026,Vai trò và công việc của người cao tuổi trong gia đình và xã hội
1027,Vai trò và công việc của người cao tuổi trong gia đình và xã hội
1028,"Các thách thức, khó khăn, và nhu cầu của người cao tuổi"
1029,"Các thách thức, khó khăn, và nhu cầu của người cao tuổi"
1030,"Các thách thức, khó khăn, và nhu cầu của người cao tuổi"
